split,category,initials,text,source,approved,priority,note
train,basic_request,ㅇㅉㅂㅈ,이쪽 봐줘,curated_seed_v2,1,normal,
train,basic_request,ㅈㄱㄱㄷㄹㅈ,조금 기다려줘,curated_seed_v2,1,normal,
train,basic_request,ㅅㅈㅈㅇㅈ,손 좀 잡아줘,curated_seed_v2,1,normal,
train,basic_request,ㅇㄱㄴㅇㅈ,여기 놓아줘,curated_seed_v2,1,normal,
train,basic_request,ㅈㄱㄴㅇㅈ,저기 놓아줘,curated_seed_v2,1,normal,
train,basic_request,ㅇㄱㄱㅈㅇㅈ,이거 가져와줘,curated_seed_v2,1,normal,
train,basic_request,ㅎㄷㅍㄱㅈㅇㅈ,휴대폰 가져와줘,curated_seed_v2,1,normal,
train,basic_request,ㅇㄱㅈㅈ,안경 좀 줘,curated_seed_v2,1,normal,
train,basic_request,ㄹㅁㅋㄱㅈㅇㅈ,리모컨 가져와줘,curated_seed_v2,1,normal,
train,basic_request,ㅁㅈㄷㅇㅈ,문 좀 닫아줘,curated_seed_v2,1,normal,
train,basic_request,ㅎㅂㄷㅎㅈ,한 번 더 해줘,curated_seed_v2,1,normal,
train,basic_request,ㅈㄱㅊㅊㅎㅎㅈ,조금 천천히 해줘,curated_seed_v2,1,normal,
train,basic_request,ㅈㅅㅁㅊㅈ,잠시 멈춰줘,curated_seed_v2,1,normal,
train,basic_request,ㄴㅁㄷㅇㅈ,내 말 들어줘,curated_seed_v2,1,normal,
train,basic_request,ㅇㅉㅇㄹㅇㄱㅈ,이쪽으로 옮겨줘,curated_seed_v2,1,normal,
train,food_drink,ㅅㅇㅎㅁㅈ,시원한 물 줘,curated_seed_v2,1,normal,
train,food_drink,ㅈㅅㅈㅈ,주스 좀 줘,curated_seed_v2,1,normal,
train,food_drink,ㅊㅈㅈ,차 좀 줘,curated_seed_v2,1,normal,
train,food_drink,ㅃㄷㄴㅇㅈ,빨대 넣어줘,curated_seed_v2,1,normal,
train,food_drink,ㅋㅈㅈ,컵 좀 줘,curated_seed_v2,1,normal,
train,food_drink,ㅈㄱㄹㅈㅈ,젓가락 좀 줘,curated_seed_v2,1,normal,
train,food_drink,ㅈㅈㄱㅈ,죽 조금 줘,curated_seed_v2,1,normal,
train,food_drink,ㄱㄷㅈ,국 더 줘,curated_seed_v2,1,normal,
train,food_drink,ㅂㅈㄱㅈ,밥 조금 줘,curated_seed_v2,1,normal,
train,food_drink,ㅋㅇㄸㄹㅈ,컵에 따라줘,curated_seed_v2,1,normal,
train,food_drink,ㅅㅅㅁㅊㅈ,식사 멈춰줘,curated_seed_v2,1,normal,
train,food_drink,ㅈㄱㅅㅇㄷㅁㅈ,조금 쉬었다 먹자,curated_seed_v2,1,normal,
train,environment,ㅇㅇㅋㅈㄲㅈ,에어컨 좀 꺼줘,curated_seed_v2,1,normal,
train,environment,ㅅㅍㄱㅈㅋㅈ,선풍기 좀 켜줘,curated_seed_v2,1,normal,
train,environment,ㅅㅍㄱㅈㄲㅈ,선풍기 좀 꺼줘,curated_seed_v2,1,normal,
train,environment,ㄴㅂㅈㅋㅈ,난방 좀 켜줘,curated_seed_v2,1,normal,
train,environment,ㄴㅂㅈㄲㅈ,난방 좀 꺼줘,curated_seed_v2,1,normal,
train,environment,ㅋㅌㅈㄷㅇㅈ,커튼 좀 닫아줘,curated_seed_v2,1,normal,
train,environment,ㅊㅁㅈㅇㅇㅈ,창문 좀 열어줘,curated_seed_v2,1,normal,
train,environment,ㅊㅁㅈㄷㅇㅈ,창문 좀 닫아줘,curated_seed_v2,1,normal,
train,environment,ㅂㄹㅈㄴㅊㅈ,볼륨 좀 낮춰줘,curated_seed_v2,1,normal,
train,environment,ㅂㄹㅈㄴㅇㅈ,볼륨 좀 높여줘,curated_seed_v2,1,normal,
train,environment,ㅅㄹㅈㅈㅇㅈ,소리 좀 줄여줘,curated_seed_v2,1,normal,
train,environment,ㅅㄹㅈㅋㅇㅈ,소리 좀 키워줘,curated_seed_v2,1,normal,
train,environment,ㅈㅁㅇㄴㅊㅈ,조명을 낮춰줘,curated_seed_v2,1,normal,
train,environment,ㅈㅁㅇㄴㅇㅈ,조명을 높여줘,curated_seed_v2,1,normal,
train,environment,ㄱㄱㄱㄴㅁㄱㅈㅎ,공기가 너무 건조해,curated_seed_v2,1,normal,
train,positioning,ㄷㄹㅈㅇㄹㅈ,다리 좀 올려줘,curated_seed_v2,1,high,
train,positioning,ㄷㄹㅈㄴㄹㅈ,다리 좀 내려줘,curated_seed_v2,1,high,
train,positioning,ㅍㅈㅇㄹㅈ,팔 좀 올려줘,curated_seed_v2,1,high,
train,positioning,ㅂㄱㅈㄴㅇㅈ,베개 좀 높여줘,curated_seed_v2,1,high,
train,positioning,ㅂㄱㅈㄴㅊㅈ,베개 좀 낮춰줘,curated_seed_v2,1,high,
train,positioning,ㄷㅇㅈㄱㅅㅇㅈ,등을 조금 세워줘,curated_seed_v2,1,high,
train,positioning,ㅁㅇㅈㄱㄴㅎㅈ,몸을 조금 눕혀줘,curated_seed_v2,1,high,
train,positioning,ㄱㄱㅈㄷㄹㅈ,고개 좀 돌려줘,curated_seed_v2,1,high,
train,positioning,ㅅㅈㅍㅈ,손 좀 펴줘,curated_seed_v2,1,high,
train,positioning,ㅅㅇㄴㄹㅈ,손을 내려줘,curated_seed_v2,1,high,
train,positioning,ㅂㅇㅂㅊㅈ,발을 받쳐줘,curated_seed_v2,1,high,
train,positioning,ㅊㄷㄹㅇㄹㅈ,침대를 올려줘,curated_seed_v2,1,high,
train,positioning,ㅊㄷㄹㄴㄹㅈ,침대를 내려줘,curated_seed_v2,1,high,
train,positioning,ㅇㄲㄹㅂㅊㅈ,어깨를 받쳐줘,curated_seed_v2,1,high,
train,positioning,ㅎㄹㄹㅂㅊㅈ,허리를 받쳐줘,curated_seed_v2,1,high,
train,positioning,ㅁㅇㄱㅇㄷㄹㅇㄱㅈ,몸을 가운데로 옮겨줘,curated_seed_v2,1,high,
train,positioning,ㅈㄱㅇㅇㄹㄷㄹㅈ,조금 옆으로 돌려줘,curated_seed_v2,1,high,
train,pain_discomfort,ㅁㅇㄴㅁㅇㅍ,목이 너무 아파,curated_seed_v2,1,high,
train,pain_discomfort,ㅎㄹㄱㄴㅁㅇㅍ,허리가 너무 아파,curated_seed_v2,1,high,
train,pain_discomfort,ㄷㄹㄱㄴㅁㅇㅍ,다리가 너무 아파,curated_seed_v2,1,high,
train,pain_discomfort,ㄱㅅㅇㄷㄷㅎ,가슴이 답답해,curated_seed_v2,1,high,
train,pain_discomfort,ㅅㅇㄴㅁㅊ,숨이 너무 차,curated_seed_v2,1,high,
train,pain_discomfort,ㅅㄲㅇㅈㄹ,손끝이 저려,curated_seed_v2,1,high,
train,pain_discomfort,ㄴㅇㄸㄱㅇ,눈이 따가워,curated_seed_v2,1,high,
train,pain_discomfort,ㅇㅇㅇㄴㅁㅁㄹ,입안이 너무 말라,curated_seed_v2,1,high,
train,pain_discomfort,ㅁㅇㅈㄲㄸㄹ,몸이 자꾸 떨려,curated_seed_v2,1,high,
train,pain_discomfort,ㅎㄹㄱㅃㄱㅎ,허리가 뻐근해,curated_seed_v2,1,high,
train,pain_discomfort,ㅂㄱㄷㅂㄹㅎ,배가 더부룩해,curated_seed_v2,1,high,
train,pain_discomfort,ㅅㅇㅆㄹ,속이 쓰려,curated_seed_v2,1,high,
train,medical_communication,ㅅㅅㅍㅎㄷㅎㅇㅎㅈㅅㅇ,산소포화도 확인해주세요,curated_seed_v2,1,high,
train,medical_communication,ㅎㅎㅅㅌㅎㅇㅎㅈㅅㅇ,호흡 상태 확인해주세요,curated_seed_v2,1,high,
train,medical_communication,ㅇㅇㅇㅁㅁㅇㅇㅇ,약을 이미 먹었어요,curated_seed_v2,1,high,
train,medical_communication,ㅇㅇㅇㅈㅁㅁㅇㅇㅇ,약을 아직 못 먹었어요,curated_seed_v2,1,high,
train,medical_communication,ㅂㅎㅈㅇㄱㅇㄹㅎㅈㅅㅇ,보호자에게 연락해주세요,curated_seed_v2,1,high,
train,medical_communication,ㅎㅇㅎㅂㅎㅈㅅㅇ,흡인 한번 해주세요,curated_seed_v2,1,high,
train,medical_communication,ㅈㅅㄹㅎㅇㅎㅈㅅㅇ,자세를 확인해주세요,curated_seed_v2,1,high,
train,medical_communication,ㄱㅎㅅㅇㅈㅇㄴㅇ,간호사 언제 오나요,curated_seed_v2,1,high,
train,medical_communication,ㅇㅅㅇㅈㅇㄴㅇ,의사 언제 오나요,curated_seed_v2,1,high,
train,medical_communication,ㄱㅅㅅㄱㅇㅇㅈㅇㅇ,검사 시간이 언제예요,curated_seed_v2,1,high,
train,medical_communication,ㅈㅅㅂㅇㄱㅇㅍㅇ,주사 부위가 아파요,curated_seed_v2,1,high,
train,medical_communication,ㅇㄱㅅㄹㄱㅇㅎㄱㄱㅇㅇ,응급실로 가야 할 것 같아요,curated_seed_v2,1,high,
train,medical_communication,ㅅㅅㄹㅈㄱㅇㄹㅈㅅㅇ,산소를 조금 올려주세요,curated_seed_v2,1,high,
train,medical_communication,ㅌㅈㅇㅊㄹㅂㅈㅅㅇ,통증 위치를 봐주세요,curated_seed_v2,1,high,
train,medical_communication,ㅇㅇㄹㅇㅇㄹㅈㅅㅇ,약 이름을 알려주세요,curated_seed_v2,1,high,
train,schedule_time,ㅁㅅㅇㅇㄱㅇ,몇 시에 올 거야,curated_seed_v2,1,normal,
train,schedule_time,ㅇㅈㅊㅂㅎㄱㅇ,언제 출발할 거야,curated_seed_v2,1,normal,
train,schedule_time,ㅇㄴㅂㅇㅇㅇ,오늘 병원 있어,curated_seed_v2,1,normal,
train,schedule_time,ㅇㅎㅇㄴㅁㅎ,오후에는 뭐 해,curated_seed_v2,1,normal,
train,schedule_time,ㅈㄴㅇㄴㄴㄱㅇ,저녁에는 누가 와,curated_seed_v2,1,normal,
train,schedule_time,ㅇㅂㅈㅁㅇㅁㅎ,이번 주말에 뭐 해,curated_seed_v2,1,normal,
train,schedule_time,ㄷㅇㄷㅇㅁㄴㅈ,다음 달에 만나자,curated_seed_v2,1,normal,
train,schedule_time,ㅇㅊㅇㄲㅇㅈㄹ,아침에 깨워줄래,curated_seed_v2,1,normal,
train,schedule_time,ㅈㅅㅇㅇㅈㅁㅇ,점심은 언제 먹어,curated_seed_v2,1,normal,
train,schedule_time,ㅇㄴㅇㅁㅅㅇㅇㅇㅇ,오늘이 무슨 요일이야,curated_seed_v2,1,normal,
train,schedule_time,ㅇㅇㅅㄱㅇㅁㅅㅇ,예약 시간이 몇 시야,curated_seed_v2,1,normal,
train,schedule_time,ㄴㅇㅇㅈㅇㄹㅈ,내일 일정 알려줘,curated_seed_v2,1,normal,
train,schedule_time,ㅇㅂㅈㅇㅈㅇㄹㅈ,이번 주 일정 알려줘,curated_seed_v2,1,normal,
train,schedule_time,ㄷㅇㅇㅈㅇㅁㅇ,다음 일정이 뭐야,curated_seed_v2,1,normal,
train,social,ㅈㅁㅂㄱㅅㅇㅇ,정말 보고 싶었어,curated_seed_v2,1,normal,
train,social,ㅁㄴㅅㅂㄱㅇ,만나서 반가워,curated_seed_v2,1,normal,
train,social,ㅈㅈㄴㅈ,잘 지냈지,curated_seed_v2,1,normal,
train,social,ㅇㄴㅈㅁㅇㅇ,오늘 재밌었어,curated_seed_v2,1,normal,
train,social,ㅁㅇㅎㅇ,미안했어,curated_seed_v2,1,normal,
train,social,ㅈㅁㅊㅎㅎ,정말 축하해,curated_seed_v2,1,normal,
train,social,ㄴㄱㅊㅇ,너 괜찮아,curated_seed_v2,1,normal,
train,social,ㅁㅇㅅㄹㅎ,많이 사랑해,curated_seed_v2,1,normal,
train,social,ㅇㄹㅁㅇㄹㅂㄱㅇ,오랜만이라 반가워,curated_seed_v2,1,normal,
train,social,ㅊㄱㅇㄱㅇㄹㅎㅈ,친구에게 연락해줘,curated_seed_v2,1,normal,
train,social,ㅇㄴㄱㅅㅎㅇ,오늘 고생했어,curated_seed_v2,1,normal,
train,social,ㅈㅁㄱㅁㅇㅇ,정말 고마웠어,curated_seed_v2,1,normal,
train,social,ㄷㅇㅇㄸㅂㅈ,다음에 또 보자,curated_seed_v2,1,normal,
train,social,ㅇㄴㅈㄱㅇㄷ,오늘 즐거웠다,curated_seed_v2,1,normal,
train,social,ㅈㄱㄷㅇㅇㄱㅎㅈ,조금 더 이야기하자,curated_seed_v2,1,normal,
train,questions_answers,ㅇㄷㄹㄱㄴㄱㅇ,어디로 가는 거야,curated_seed_v2,1,normal,
train,questions_answers,ㄴㄱㅇㅈㅇㄹㅈ,누구인지 알려줘,curated_seed_v2,1,normal,
train,questions_answers,ㅂㄱㅁㄹㄱㅎㅇ,방금 뭐라고 했어,curated_seed_v2,1,normal,
train,questions_answers,ㅇㄱㅁㅇ,이게 뭐야,curated_seed_v2,1,normal,
train,questions_answers,ㅂㄱㄴㄱㅇㅇ,방금 누가 왔어,curated_seed_v2,1,normal,
train,questions_answers,ㅇㅈㄷㅎㅇ,이제 다 했어,curated_seed_v2,1,normal,
train,questions_answers,ㅇㅈㅇㄲㄴㅇ,아직 안 끝났어,curated_seed_v2,1,normal,
train,questions_answers,ㅈㅁㄹㄱㅇ,잘 모르겠어,curated_seed_v2,1,normal,
train,questions_answers,ㄱㅇㅇㅇㄴ,기억이 안 나,curated_seed_v2,1,normal,
train,questions_answers,ㄷㅅㅁㅇㅂㅈ,다시 물어봐줘,curated_seed_v2,1,normal,
train,questions_answers,ㄴㄱㄱㅈㄱㅇ,누가 가져갔어,curated_seed_v2,1,normal,
train,emotion_needs,ㅈㄱㅁㅅㅇ,조금 무서워,curated_seed_v2,1,normal,
train,emotion_needs,ㅁㅇㅂㅇㅎ,많이 불안해,curated_seed_v2,1,normal,
train,emotion_needs,ㄴㅁㅇㄹㅇ,너무 외로워,curated_seed_v2,1,normal,
train,emotion_needs,ㅈㄱㅅㅅㅎ,조금 심심해,curated_seed_v2,1,normal,
train,emotion_needs,ㅈㄱㅅㅅㅎ,조금 속상해,curated_seed_v2,1,normal,
train,emotion_needs,ㅇㄴㄴㅁㅍㄱㅎ,오늘 너무 피곤해,curated_seed_v2,1,normal,
train,emotion_needs,ㅈㄱㅇㅍㅇㅎ,지금은 편안해,curated_seed_v2,1,normal,
train,emotion_needs,ㅇㄴㅎㅂㅎ,오늘 행복해,curated_seed_v2,1,normal,
train,emotion_needs,ㅎㄱㅁㅇㄴ,화가 많이 나,curated_seed_v2,1,normal,
train,emotion_needs,ㅇㄱㅅㅇㄱㅂㅇㅇ,울고 싶은 기분이야,curated_seed_v2,1,normal,
train,emotion_needs,ㅇㄱㅅㅇㄱㅂㅇㅇ,웃고 싶은 기분이야,curated_seed_v2,1,normal,
train,emotion_needs,ㅈㄲㅎㅈㅇㄱㅅㅇ,잠깐 혼자 있고 싶어,curated_seed_v2,1,normal,
train,emotion_needs,ㄴㄱㄱㄱㅇㅇㅇㅇㅁㅈㄱㅇ,누군가 곁에 있었으면 좋겠어,curated_seed_v2,1,normal,
train,emotion_needs,ㅈㅇㅃㄹㄱㄱㅅㅇ,집에 빨리 가고 싶어,curated_seed_v2,1,normal,
train,emotion_needs,ㅈㄱㅅㄱㅅㄷ,조금 쉬고 싶다,curated_seed_v2,1,normal,
train,emotion_needs,ㄱㅂㅇㅈㄴㅇㅈㅇ,기분이 좀 나아졌어,curated_seed_v2,1,normal,
train,emotion_needs,ㄱㅈㅇㅁㅇㄷ,걱정이 많이 돼,curated_seed_v2,1,normal,
train,communication_control,ㅈㄱㅋㄱㅁㅎㅈ,조금 크게 말해줘,curated_seed_v2,1,normal,
train,communication_control,ㅎㅂㅁㄷㅁㅎㅈ,한 번만 더 말해줘,curated_seed_v2,1,normal,
train,communication_control,ㅉㄱㅅㅁㅎㅈ,짧게 설명해줘,curated_seed_v2,1,normal,
train,communication_control,ㅅㄱㅅㅁㅎㅈ,쉽게 설명해줘,curated_seed_v2,1,normal,
train,communication_control,ㅊㅊㅎㅅㅁㅎㅈ,천천히 설명해줘,curated_seed_v2,1,normal,
train,communication_control,ㄴㄱㄲㄲㅈㅁㅎㄱ,내가 끝까지 말할게,curated_seed_v2,1,normal,
train,communication_control,ㅈㄱㅇㄷㄷㅎㄱㅇㄹㅇ,지금은 대답하기 어려워,curated_seed_v2,1,normal,
train,communication_control,ㅅㅌㅈㄹㄷㅅㅂㅇㅈ,선택지를 다시 보여줘,curated_seed_v2,1,normal,
train,communication_control,ㅊㅂㅉㄹㅎㄱ,첫 번째로 할게,curated_seed_v2,1,normal,
train,communication_control,ㅅㅂㅉㄹㅎㄱ,세 번째로 할게,curated_seed_v2,1,normal,
train,communication_control,ㅊㅇㅂㅌㄷㅅㅎㄱ,처음부터 다시 할게,curated_seed_v2,1,normal,
train,communication_control,ㅂㄱㅅㅌㅊㅅㅎㄱ,방금 선택 취소할게,curated_seed_v2,1,normal,
train,communication_control,ㅇㅁㅈㅈㅇㅈ,이 문장 지워줘,curated_seed_v2,1,normal,
train,communication_control,ㅇㄷㄹㅁㅎㅈ,이대로 말해줘,curated_seed_v2,1,normal,
train,device_control,ㅎㄷㅍㅎㅁㅋㅈ,휴대폰 화면 켜줘,curated_seed_v2,1,normal,
train,device_control,ㅎㄷㅍㅎㅁㄲㅈ,휴대폰 화면 꺼줘,curated_seed_v2,1,normal,
train,device_control,ㅈㅎㅂㅇㅈ,전화 받아줘,curated_seed_v2,1,normal,
train,device_control,ㅁㅅㅈㅂㄴㅈ,메시지 보내줘,curated_seed_v2,1,normal,
train,device_control,ㅌㄹㅂㅈㅋㅈ,텔레비전 켜줘,curated_seed_v2,1,normal,
train,device_control,ㅌㄹㅂㅈㄲㅈ,텔레비전 꺼줘,curated_seed_v2,1,normal,
train,device_control,ㅅㄹㄹㅋㅇㅈ,소리를 키워줘,curated_seed_v2,1,normal,
train,device_control,ㅅㄹㄹㄴㅊㅈ,소리를 낮춰줘,curated_seed_v2,1,normal,
train,device_control,ㄴㄹㅈㅅㅎㅈ,노래 재생해줘,curated_seed_v2,1,normal,
train,device_control,ㅇㅈㄱㅌㅇㅈ,이전 곡 틀어줘,curated_seed_v2,1,normal,
train,device_control,ㅇㄹㅁㅊㅈ,알람 맞춰줘,curated_seed_v2,1,normal,
train,device_control,ㅎㅊㅂㅌㄴㄹㅈ,호출 버튼 눌러줘,curated_seed_v2,1,normal,
train,device_control,ㅊㅈㄱㅇㄱㅎㅈ,충전기 연결해줘,curated_seed_v2,1,normal,
train,ambiguity,ㅁㅈ,물 줘,curated_seed_v2,1,high,
train,ambiguity,ㅁㅈ,물 좀,curated_seed_v2,1,high,
train,ambiguity,ㅁㅈ,맥주,curated_seed_v2,1,high,
train,ambiguity,ㅁㅈ,먹자,curated_seed_v2,1,high,
train,ambiguity,ㅁㅈ,맞지,curated_seed_v2,1,high,
train,ambiguity,ㅁㅈ,뭐지,curated_seed_v2,1,high,
train,ambiguity,ㅁㅈ,먼저,curated_seed_v2,1,high,
train,ambiguity,ㅁㅈ,문제,curated_seed_v2,1,high,
train,ambiguity,ㅁㅈ,모자,curated_seed_v2,1,high,
train,ambiguity,ㅁㅈ,만져,curated_seed_v2,1,high,
train,ambiguity,ㄷㅇㅈ,도와줘,curated_seed_v2,1,high,
train,ambiguity,ㄷㅇㅈ,다음 주,curated_seed_v2,1,high,
train,ambiguity,ㄷㅇㅈ,들어줘,curated_seed_v2,1,high,
train,ambiguity,ㄷㅇㅈ,다 알지,curated_seed_v2,1,high,
train,ambiguity,ㄷㅇㅈ,다 있지,curated_seed_v2,1,high,
train,ambiguity,ㄷㅇㅈ,더 있죠,curated_seed_v2,1,high,
train,ambiguity,ㅁㅇ,맞아,curated_seed_v2,1,high,
train,ambiguity,ㅁㅇ,뭐야,curated_seed_v2,1,high,
train,ambiguity,ㅁㅇ,미안,curated_seed_v2,1,high,
train,ambiguity,ㅁㅇ,모여,curated_seed_v2,1,high,
train,ambiguity,ㅁㅇ,매워,curated_seed_v2,1,high,
train,ambiguity,ㅂㅈ,밥 줘,curated_seed_v2,1,high,
train,ambiguity,ㅂㅈ,밥 좀,curated_seed_v2,1,high,
train,ambiguity,ㅂㅈ,봐줘,curated_seed_v2,1,high,
train,ambiguity,ㅂㅈ,보자,curated_seed_v2,1,high,
train,ambiguity,ㅂㅈ,바지,curated_seed_v2,1,high,
train,ambiguity,ㅂㅈ,부자,curated_seed_v2,1,high,
train,ambiguity,ㅅㅇ,싫어,curated_seed_v2,1,high,
train,ambiguity,ㅅㅇ,쉬어,curated_seed_v2,1,high,
train,ambiguity,ㅅㅇ,사요,curated_seed_v2,1,high,
train,ambiguity,ㅅㅇ,서요,curated_seed_v2,1,high,
train,ambiguity,ㅅㅇ,세워,curated_seed_v2,1,high,
train,ambiguity,ㄷㅇ,더워,curated_seed_v2,1,high,
train,ambiguity,ㄷㅇ,도와,curated_seed_v2,1,high,
train,ambiguity,ㄷㅇ,닫아,curated_seed_v2,1,high,
train,ambiguity,ㄷㅇ,다음,curated_seed_v2,1,high,
train,ambiguity,ㄷㅇ,들어,curated_seed_v2,1,high,
train,ambiguity,ㅈㅈ,잘 자,curated_seed_v2,1,high,
train,ambiguity,ㅈㅈ,자자,curated_seed_v2,1,high,
train,ambiguity,ㅈㅈ,좀 줘,curated_seed_v2,1,high,
train,ambiguity,ㄱㅁㅇ,고마워,curated_seed_v2,1,high,
train,ambiguity,ㄱㅁㅇ,그만요,curated_seed_v2,1,high,
train,ambiguity,ㄱㅁㅇ,그 말이,curated_seed_v2,1,high,
train,ambiguity,ㄱㅁㅇ,귤 먹어,curated_seed_v2,1,high,
dev,basic_request,ㄱㄲㅇㅇㅈ,가까이 와줘,curated_seed_v2,1,normal,
dev,basic_request,ㅈㄱㄷㄹㄱㅈ,조금 뒤로 가줘,curated_seed_v2,1,normal,
dev,basic_request,ㅈㄱㅊㅇㅈ,저거 치워줘,curated_seed_v2,1,normal,
dev,basic_request,ㅇㅇㄹㅇㅈ,옆으로 와줘,curated_seed_v2,1,normal,
dev,food_drink,ㅋㅍㅈㅈ,커피 좀 줘,curated_seed_v2,1,normal,
dev,food_drink,ㅇㅇㅈㅈ,우유 좀 줘,curated_seed_v2,1,normal,
dev,food_drink,ㅅㄱㄹㅈㅈ,숟가락 좀 줘,curated_seed_v2,1,normal,
dev,food_drink,ㄱㅇㅈㅈ,과일 좀 줘,curated_seed_v2,1,normal,
dev,food_drink,ㅎㅇㅁㅈ,한 입만 줘,curated_seed_v2,1,normal,
dev,environment,ㅇㅇㅋㅈㅋㅈ,에어컨 좀 켜줘,curated_seed_v2,1,normal,
dev,environment,ㅋㅌㅈㅇㅇㅈ,커튼 좀 열어줘,curated_seed_v2,1,normal,
dev,environment,ㅂㅇㄴㅁㄷㄷㅎ,방이 너무 답답해,curated_seed_v2,1,normal,
dev,environment,ㅎㄱㅈㅅㅋㅈ,환기 좀 시켜줘,curated_seed_v2,1,normal,
dev,environment,ㅈㄱㅈㅇㅎㅎㅈ,조금 조용히 해줘,curated_seed_v2,1,normal,
dev,positioning,ㅍㅈㄴㄹㅈ,팔 좀 내려줘,curated_seed_v2,1,high,
dev,pain_discomfort,ㅍㅇㄴㅁㅇㅍ,팔이 너무 아파,curated_seed_v2,1,high,
dev,pain_discomfort,ㅁㄹㄱㅇㅈㄹㅇ,머리가 어지러워,curated_seed_v2,1,high,
dev,pain_discomfort,ㄱㅊㅇㄱㅅㄴㅇ,기침이 계속 나와,curated_seed_v2,1,high,
dev,pain_discomfort,ㅇㄲㄱㅃㄱㅎ,어깨가 뻐근해,curated_seed_v2,1,high,
dev,medical_communication,ㅎㅇㄷㅅㅈㅈㅅㅇ,혈압 다시 재주세요,curated_seed_v2,1,high,
dev,medical_communication,ㅊㅇㄷㅅㅈㅈㅅㅇ,체온 다시 재주세요,curated_seed_v2,1,high,
dev,medical_communication,ㅌㅈㅇㄷㅅㅎㅈㅇㅇ,통증이 더 심해졌어요,curated_seed_v2,1,high,
dev,medical_communication,ㅅㅁㅇㄷㅅㅎㅈㅅㅇ,설명을 다시 해주세요,curated_seed_v2,1,high,
dev,medical_communication,ㄱㅅㄱㄱㄹㅇㄹㅈㅅㅇ,검사 결과를 알려주세요,curated_seed_v2,1,high,
dev,schedule_time,ㄴㅇㅇㅅㅇㅈ,내일 약속 있지,curated_seed_v2,1,normal,
dev,schedule_time,ㅇㅈㄷㅅㅇㄱㅇ,언제 다시 올 거야,curated_seed_v2,1,normal,
dev,schedule_time,ㅇㄴㅇㅈㅇㄹㅈ,오늘 일정 알려줘,curated_seed_v2,1,normal,
dev,schedule_time,ㅈㄱㅇㄷㄱㅎㅈ,조금 있다가 하자,curated_seed_v2,1,normal,
dev,social,ㅈㅉㅇㄱㄷ,진짜 웃기다,curated_seed_v2,1,normal,
dev,social,ㅅㅈㅈㅂㅇㅈ,사진 좀 보여줘,curated_seed_v2,1,normal,
dev,social,ㄱㅇㅇㅇㅈ,곁에 있어줘,curated_seed_v2,1,normal,
dev,questions_answers,ㅇㄱㄹㄱㅇ,왜 그런 거야,curated_seed_v2,1,normal,
dev,questions_answers,ㅇㄸㄱㅎㅁㄷ,어떻게 하면 돼,curated_seed_v2,1,normal,
dev,questions_answers,ㅇㅈㅇㄴㄱㅇ,언제 오는 거야,curated_seed_v2,1,normal,
dev,questions_answers,ㅈㄱㅁㅇ,저게 뭐야,curated_seed_v2,1,normal,
dev,questions_answers,ㄱㄱㅇㄴㄱㄱㅇ,그건 아닌 것 같아,curated_seed_v2,1,normal,
dev,questions_answers,ㅁㅅㄸㅇㅇ,무슨 뜻이야,curated_seed_v2,1,normal,
dev,questions_answers,ㅇㄷㅇㅇㄴㄱㅇ,어디에 있는 거야,curated_seed_v2,1,normal,
dev,questions_answers,ㅇㄴㅇㅇ,왜 늦었어,curated_seed_v2,1,normal,
dev,emotion_needs,ㅁㅇㅇㄷㄷㅎ,마음이 답답해,curated_seed_v2,1,normal,
dev,emotion_needs,ㅇㄴㅇㄱㅂㅇㅇㅈㅇ,오늘은 기분이 안 좋아,curated_seed_v2,1,normal,
dev,emotion_needs,ㅁㅇㅇㅍㅎㅈㅇ,마음이 편해졌어,curated_seed_v2,1,normal,
dev,communication_control,ㅈㄱㅈㄱㅁㅎㅈ,조금 작게 말해줘,curated_seed_v2,1,normal,
dev,communication_control,ㅈㅁㅇㄷㅅㅎㅈ,질문을 다시 해줘,curated_seed_v2,1,normal,
dev,communication_control,ㄴㅁㅇㄱㄷㄹㅈ,내 말을 기다려줘,curated_seed_v2,1,normal,
dev,communication_control,ㅇㅇㄴㅇㄹㅁㅇㅂㅈ,예 아니오로 물어봐줘,curated_seed_v2,1,normal,
dev,communication_control,ㄷㅂㅉㄹㅎㄱ,두 번째로 할게,curated_seed_v2,1,normal,
dev,communication_control,ㄷㄹㅅㅌㅈㅂㅇㅈ,다른 선택지 보여줘,curated_seed_v2,1,normal,
dev,device_control,ㅈㅎㄲㅇㅈ,전화 끊어줘,curated_seed_v2,1,normal,
dev,device_control,ㅁㅅㅈㅇㅇㅈ,메시지 읽어줘,curated_seed_v2,1,normal,
dev,device_control,ㅊㄴㅂㄲㅈ,채널 바꿔줘,curated_seed_v2,1,normal,
dev,device_control,ㄴㄹㅁㅊㅈ,노래 멈춰줘,curated_seed_v2,1,normal,
dev,device_control,ㄷㅇㄱㅌㅇㅈ,다음 곡 틀어줘,curated_seed_v2,1,normal,
dev,device_control,ㅇㄹㄲㅈ,알람 꺼줘,curated_seed_v2,1,normal,
dev,device_control,ㅎㅁㅇㄴㄱㅈ,화면을 넘겨줘,curated_seed_v2,1,normal,
dev,ambiguity,ㅈㅇ,좋아,curated_seed_v2,1,high,
dev,ambiguity,ㅈㅇ,줘요,curated_seed_v2,1,high,
dev,ambiguity,ㅈㅇ,저요,curated_seed_v2,1,high,
dev,ambiguity,ㅈㅇ,자요,curated_seed_v2,1,high,
dev,ambiguity,ㅈㅇ,지워,curated_seed_v2,1,high,
dev,ambiguity,ㅈㅇ,주워,curated_seed_v2,1,high,
dev,ambiguity,ㅇㄴ,아니,curated_seed_v2,1,high,
dev,ambiguity,ㅇㄴ,안녕,curated_seed_v2,1,high,
dev,ambiguity,ㅇㄴ,오늘,curated_seed_v2,1,high,
dev,ambiguity,ㅇㄴ,언니,curated_seed_v2,1,high,
dev,ambiguity,ㅇㄴ,안내,curated_seed_v2,1,high,
dev,ambiguity,ㅈㅉ,저쪽,curated_seed_v2,1,high,
train,positioning,ㄱㄱㅈㄷㄹㅈ,그거 좀 돌려줘,teacher_generator,0,review,
train,positioning,ㄱㄱㅈㄷㄹㅈ,그거 좀 들려줘,teacher_generator,0,review,
train,positioning,ㄱㄱㅈㄷㄹㅈ,그거 좀 달래줘,teacher_generator,0,review,
train,positioning,ㄱㄱㅈㄷㄹㅈ,그거 좀 다뤄줘,teacher_generator,0,review,
train,positioning,ㄱㄱㅈㄷㄹㅈ,그거 좀 데려줘,teacher_generator,0,review,
train,positioning,ㄱㄱㅈㄷㄹㅈ,그거 좀 둘러줘,teacher_generator,0,review,
train,positioning,ㄱㄱㅈㄷㄹㅈ,그걸 좀 돌려줘,teacher_generator,0,review,
train,positioning,ㄱㄱㅈㄷㄹㅈ,그걸 좀 들려줘,teacher_generator,0,review,
train,positioning,ㄱㄱㅈㄷㄹㅈ,그걸 좀 달래줘,teacher_generator,0,review,
train,positioning,ㄱㄱㅈㄷㄹㅈ,그걸 좀 다뤄줘,teacher_generator,0,review,
train,positioning,ㄱㄱㅈㄷㄹㅈ,그걸 좀 데려줘,teacher_generator,0,review,
train,positioning,ㄱㄱㅈㄷㄹㅈ,그게 좀 다르죠,teacher_generator,0,review,
train,positioning,ㄱㄱㅈㄷㄹㅈ,그게 좀 달라져,teacher_generator,0,review,
train,positioning,ㄱㄱㅈㄷㄹㅈ,그건 좀 다르죠,teacher_generator,0,review,
train,positioning,ㄱㄱㅈㄷㄹㅈ,그건 좀 달라져,teacher_generator,0,review,
train,positioning,ㄱㄱㅈㄷㄹㅈ,기계 좀 돌려줘,teacher_generator,0,review,
dev,medical_communication,ㄱㅅㄱㄱㄹㅇㄹㅈㅅㅇ,검색 결과를 알려주세요,teacher_generator,0,review,
dev,medical_communication,ㄱㅅㄱㄱㄹㅇㄹㅈㅅㅇ,계산 결과를 알려주세요,teacher_generator,0,review,
dev,medical_communication,ㄱㅅㄱㄱㄹㅇㄹㅈㅅㅇ,감사 결과를 알려주세요,teacher_generator,0,review,
dev,medical_communication,ㄱㅅㄱㄱㄹㅇㄹㅈㅅㅇ,공사 결과를 알려주세요,teacher_generator,0,review,
dev,medical_communication,ㄱㅅㄱㄱㄹㅇㄹㅈㅅㅇ,개선 결과를 알려주세요,teacher_generator,0,review,
dev,medical_communication,ㄱㅅㄱㄱㄹㅇㄹㅈㅅㅇ,구성 결과를 알려주세요,teacher_generator,0,review,
dev,medical_communication,ㄱㅅㄱㄱㄹㅇㄹㅈㅅㅇ,공식 결과를 알려주세요,teacher_generator,0,review,
dev,medical_communication,ㄱㅅㄱㄱㄹㅇㄹㅈㅅㅇ,교섭 결과를 알려주세요,teacher_generator,0,review,
dev,medical_communication,ㄱㅅㄱㄱㄹㅇㄹㅈㅅㅇ,구상 결과를 알려주세요,teacher_generator,0,review,
dev,medical_communication,ㄱㅅㄱㄱㄹㅇㄹㅈㅅㅇ,기상 결과를 알려주세요,teacher_generator,0,review,
dev,medical_communication,ㄱㅅㄱㄱㄹㅇㄹㅈㅅㅇ,가상 결과를 알려주세요,teacher_generator,0,review,
dev,medical_communication,ㄱㅅㄱㄱㄹㅇㄹㅈㅅㅇ,기술 결과를 알려주세요,teacher_generator,0,review,
dev,medical_communication,ㄱㅅㄱㄱㄹㅇㄹㅈㅅㅇ,계속 그걸로 알려주세요,teacher_generator,0,review,
dev,medical_communication,ㄱㅅㄱㄱㄹㅇㄹㅈㅅㅇ,가서 그걸로 알려주세요,teacher_generator,0,review,
dev,medical_communication,ㄱㅅㄱㄱㄹㅇㄹㅈㅅㅇ,그새 그걸로 알려주세요,teacher_generator,0,review,
train,medical_communication,ㄱㅅㅅㄱㅇㅇㅈㅇㅇ,계속 생각이 안 좋아요,teacher_generator,0,review,
train,medical_communication,ㄱㅅㅅㄱㅇㅇㅈㅇㅇ,계속 생각은 안 좋아요,teacher_generator,0,review,
train,medical_communication,ㄱㅅㅅㄱㅇㅇㅈㅇㅇ,계속 생각이 왜 좋아요,teacher_generator,0,review,
train,medical_communication,ㄱㅅㅅㄱㅇㅇㅈㅇㅇ,계속 생각이 왜 지워요,teacher_generator,0,review,
train,medical_communication,ㄱㅅㅅㄱㅇㅇㅈㅇㅇ,계속 생각이 안 지워요,teacher_generator,0,review,
train,medical_communication,ㄱㅅㅅㄱㅇㅇㅈㅇㅇ,계속 생각은 왜 좋아요,teacher_generator,0,review,
train,pain_discomfort,ㄱㅅㅇㄷㄷㅎ,가서 일단 다 해,teacher_generator,0,review,
train,pain_discomfort,ㄱㅅㅇㄷㄷㅎ,가서 일도 다 해,teacher_generator,0,review,
train,pain_discomfort,ㄱㅅㅇㄷㄷㅎ,가서 운동도 해,teacher_generator,0,review,
train,pain_discomfort,ㄱㅅㅇㄷㄷㅎ,가서 약도 다 해,teacher_generator,0,review,
train,pain_discomfort,ㄱㅅㅇㄷㄷㅎ,그 수업도 다 해,teacher_generator,0,review,
train,pain_discomfort,ㄱㅅㅇㄷㄷㅎ,그 수업도 다 할,teacher_generator,0,review,
train,pain_discomfort,ㄱㅅㅇㄷㄷㅎ,그 수업도 다 한,teacher_generator,0,review,
train,pain_discomfort,ㄱㅅㅇㄷㄷㅎ,그 소원도 다 해,teacher_generator,0,review,
train,pain_discomfort,ㄱㅅㅇㄷㄷㅎ,그 사안도 다 해,teacher_generator,0,review,
train,pain_discomfort,ㄱㅅㅇㄷㄷㅎ,그 시안도 다 해,teacher_generator,0,review,
train,pain_discomfort,ㄱㅅㅇㄷㄷㅎ,그 새 일도 다 해,teacher_generator,0,review,
dev,pain_discomfort,ㄱㅊㅇㄱㅅㄴㅇ,괜찮은가 싶네요,teacher_generator,0,review,
dev,pain_discomfort,ㄱㅊㅇㄱㅅㄴㅇ,괜찮은가 싶나요,teacher_generator,0,review,
dev,pain_discomfort,ㄱㅊㅇㄱㅅㄴㅇ,그 차이가 싫나요,teacher_generator,0,review,
dev,pain_discomfort,ㄱㅊㅇㄱㅅㄴㅇ,그 차이가 싫네요,teacher_generator,0,review,
dev,pain_discomfort,ㄱㅊㅇㄱㅅㄴㅇ,그 차이가 신나요,teacher_generator,0,review,
dev,pain_discomfort,ㄱㅊㅇㄱㅅㄴㅇ,그 차이가 심나요,teacher_generator,0,review,
dev,pain_discomfort,ㄱㅊㅇㄱㅅㄴㅇ,그 차이가 서나요,teacher_generator,0,review,
dev,pain_discomfort,ㄱㅊㅇㄱㅅㄴㅇ,그 차이가 새나요,teacher_generator,0,review,
dev,pain_discomfort,ㄱㅊㅇㄱㅅㄴㅇ,그 차이가 선나요,teacher_generator,0,review,
dev,pain_discomfort,ㄱㅊㅇㄱㅅㄴㅇ,그 차이가 식나요,teacher_generator,0,review,
dev,pain_discomfort,ㄱㅊㅇㄱㅅㄴㅇ,그 차이가 숨나요,teacher_generator,0,review,
dev,pain_discomfort,ㄱㅊㅇㄱㅅㄴㅇ,그 차이가 손나요,teacher_generator,0,review,
dev,pain_discomfort,ㄱㅊㅇㄱㅅㄴㅇ,그 차이가 섞나요,teacher_generator,0,review,
dev,pain_discomfort,ㄱㅊㅇㄱㅅㄴㅇ,그 차이가 삭나요,teacher_generator,0,review,
dev,pain_discomfort,ㄱㅊㅇㄱㅅㄴㅇ,그 차이가 솟나요,teacher_generator,0,review,
dev,pain_discomfort,ㄱㅊㅇㄱㅅㄴㅇ,그 차이가 삽나요,teacher_generator,0,review,
train,medical_communication,ㄱㅎㅅㅇㅈㅇㄴㅇ,그 회사에 직원 남아,teacher_generator,0,review,
train,medical_communication,ㄱㅎㅅㅇㅈㅇㄴㅇ,그 회사에 직원 나와,teacher_generator,0,review,
train,medical_communication,ㄱㅎㅅㅇㅈㅇㄴㅇ,그 회사에 직원 너야,teacher_generator,0,review,
train,medical_communication,ㄱㅎㅅㅇㅈㅇㄴㅇ,그 회사의 직원 나야,teacher_generator,0,review,
train,medical_communication,ㄱㅎㅅㅇㅈㅇㄴㅇ,그 회사의 직원 너야,teacher_generator,0,review,
train,medical_communication,ㄱㅎㅅㅇㅈㅇㄴㅇ,그 회사의 직원 나와,teacher_generator,0,review,
train,medical_communication,ㄱㅎㅅㅇㅈㅇㄴㅇ,그 회사 안 직원 남아,teacher_generator,0,review,
train,medical_communication,ㄱㅎㅅㅇㅈㅇㄴㅇ,그 회사 안 직원 나와,teacher_generator,0,review,
train,medical_communication,ㄱㅎㅅㅇㅈㅇㄴㅇ,그 회사 안 직원 너야,teacher_generator,0,review,
train,medical_communication,ㄱㅎㅅㅇㅈㅇㄴㅇ,그 회사 안 직원 나야,teacher_generator,0,review,
train,medical_communication,ㄱㅎㅅㅇㅈㅇㄴㅇ,그 회사에 직원 누워,teacher_generator,0,review,
train,medical_communication,ㄱㅎㅅㅇㅈㅇㄴㅇ,그 회사의 직원 누워,teacher_generator,0,review,
train,medical_communication,ㄱㅎㅅㅇㅈㅇㄴㅇ,그 회사 안 직원 누워,teacher_generator,0,review,
train,medical_communication,ㄱㅎㅅㅇㅈㅇㄴㅇ,그 회사에 직원 늦어,teacher_generator,0,review,
train,medical_communication,ㄱㅎㅅㅇㅈㅇㄴㅇ,그 회사의 직원 늦어,teacher_generator,0,review,
train,medical_communication,ㄱㅎㅅㅇㅈㅇㄴㅇ,그 회사 안 직원 늦어,teacher_generator,0,review,
train,pain_discomfort,ㄴㅇㄸㄱㅇ,내일 또 가요,teacher_generator,0,review,
train,pain_discomfort,ㄴㅇㄸㄱㅇ,내일 또 가야,teacher_generator,0,review,
train,pain_discomfort,ㄴㅇㄸㄱㅇ,나 왜 또 가요,teacher_generator,0,review,
train,pain_discomfort,ㄴㅇㄸㄱㅇ,난 왜 또 가요,teacher_generator,0,review,
train,pain_discomfort,ㄴㅇㄸㄱㅇ,너 왜 또 가요,teacher_generator,0,review,
train,pain_discomfort,ㄴㅇㄸㄱㅇ,나 이따 가요,teacher_generator,0,review,
train,pain_discomfort,ㄴㅇㄸㄱㅇ,난 이따 가요,teacher_generator,0,review,
train,pain_discomfort,ㄴㅇㄸㄱㅇ,너 이따 가요,teacher_generator,0,review,
train,pain_discomfort,ㄴㅇㄸㄱㅇ,네 이따 가요,teacher_generator,0,review,
train,pain_discomfort,ㄴㅇㄸㄱㅇ,나 이때 가요,teacher_generator,0,review,
train,pain_discomfort,ㄴㅇㄸㄱㅇ,난 이때 가요,teacher_generator,0,review,
train,pain_discomfort,ㄴㅇㄸㄱㅇ,너 이때 가요,teacher_generator,0,review,
train,pain_discomfort,ㄴㅇㄸㄱㅇ,네 이때 가요,teacher_generator,0,review,
train,pain_discomfort,ㄴㅇㄸㄱㅇ,나 왜 또 가야,teacher_generator,0,review,
train,pain_discomfort,ㄴㅇㄸㄱㅇ,난 왜 또 가야,teacher_generator,0,review,
train,pain_discomfort,ㄴㅇㄸㄱㅇ,너 왜 또 가야,teacher_generator,0,review,
train,pain_discomfort,ㄷㄹㄱㄴㅁㅇㅍ,"다른 건 네 말, 이 표",teacher_generator,0,review,
train,pain_discomfort,ㄷㄹㄱㄴㅁㅇㅍ,"다른 건 내 말, 이 표",teacher_generator,0,review,
train,pain_discomfort,ㄷㄹㄱㄴㅁㅇㅍ,"다른 건 네 몫, 이 표",teacher_generator,0,review,
train,pain_discomfort,ㄷㄹㄱㄴㅁㅇㅍ,"다른 건 내 몫, 이 표",teacher_generator,0,review,
train,pain_discomfort,ㄷㄹㄱㄴㅁㅇㅍ,"다른 건 네 말, 이 편",teacher_generator,0,review,
train,pain_discomfort,ㄷㄹㄱㄴㅁㅇㅍ,"다른 건 내 말, 이 편",teacher_generator,0,review,
train,pain_discomfort,ㄷㄹㄱㄴㅁㅇㅍ,"다른 건 네 몫, 이 편",teacher_generator,0,review,
train,pain_discomfort,ㄷㄹㄱㄴㅁㅇㅍ,"다른 건 내 몫, 이 편",teacher_generator,0,review,
train,pain_discomfort,ㄷㄹㄱㄴㅁㅇㅍ,"다른 건 네 말, 이 폰",teacher_generator,0,review,
train,pain_discomfort,ㄷㄹㄱㄴㅁㅇㅍ,"다른 건 내 말, 이 폰",teacher_generator,0,review,
train,pain_discomfort,ㄷㄹㄱㄴㅁㅇㅍ,"다른 건 네 몫, 이 폰",teacher_generator,0,review,
train,pain_discomfort,ㄷㄹㄱㄴㅁㅇㅍ,"다른 건 내 몫, 이 폰",teacher_generator,0,review,
train,pain_discomfort,ㄷㄹㄱㄴㅁㅇㅍ,"다른 건 네 말, 이 품",teacher_generator,0,review,
train,pain_discomfort,ㄷㄹㄱㄴㅁㅇㅍ,"다른 건 내 말, 이 품",teacher_generator,0,review,
train,pain_discomfort,ㄷㄹㄱㄴㅁㅇㅍ,"다른 건 네 몫, 이 품",teacher_generator,0,review,
train,pain_discomfort,ㄷㄹㄱㄴㅁㅇㅍ,"다른 건 내 몫, 이 품",teacher_generator,0,review,
train,positioning,ㄷㄹㅈㄴㄹㅈ,다른 줄 내리죠,teacher_generator,0,review,
train,positioning,ㄷㄹㅈㄴㄹㅈ,다른 줄 내렸죠,teacher_generator,0,review,
train,positioning,ㄷㄹㅈㄴㄹㅈ,다른 줄 누르죠,teacher_generator,0,review,
train,positioning,ㄷㄹㅈㄴㄹㅈ,다른 줄 눌렀죠,teacher_generator,0,review,
train,positioning,ㄷㄹㅈㄴㄹㅈ,다른 줄 늘리죠,teacher_generator,0,review,
train,positioning,ㄷㄹㅈㄴㄹㅈ,다른 줄 늘렸죠,teacher_generator,0,review,
train,positioning,ㄷㄹㅈㄴㄹㅈ,다른 줄 날리죠,teacher_generator,0,review,
train,positioning,ㄷㄹㅈㄴㄹㅈ,다른 줄 날렸죠,teacher_generator,0,review,
train,positioning,ㄷㄹㅈㄴㄹㅈ,다른 줄 나를지,teacher_generator,0,review,
train,positioning,ㄷㄹㅈㄴㄹㅈ,다른 줄 나르죠,teacher_generator,0,review,
train,positioning,ㄷㄹㅈㄴㄹㅈ,다른 줄 노릴지,teacher_generator,0,review,
train,positioning,ㄷㄹㅈㄴㄹㅈ,다른 줄 내릴지,teacher_generator,0,review,
train,positioning,ㄷㄹㅈㄴㄹㅈ,다른 줄 누를지,teacher_generator,0,review,
train,positioning,ㄷㄹㅈㄴㄹㅈ,다른 줄 놀랐죠,teacher_generator,0,review,
train,positioning,ㄷㄹㅈㅇㄹㅈ,도로 좀 알려줘,teacher_generator,0,review,
train,positioning,ㄷㄹㅈㅇㄹㅈ,다른 집 알려줘,teacher_generator,0,review,
train,positioning,ㄷㄹㅈㅇㄹㅈ,다른 점 알려줘,teacher_generator,0,review,
train,positioning,ㄷㄹㅈㅇㄹㅈ,대략 좀 알려줘,teacher_generator,0,review,
train,positioning,ㄷㄹㅈㅇㄹㅈ,달력 좀 알려줘,teacher_generator,0,review,
train,positioning,ㄷㄹㅈㅇㄹㅈ,등록 좀 알려줘,teacher_generator,0,review,
train,positioning,ㄷㄹㅈㅇㄹㅈ,도리 좀 알려줘,teacher_generator,0,review,
train,positioning,ㄷㄹㅈㅇㄹㅈ,도료 좀 알려줘,teacher_generator,0,review,
train,positioning,ㄷㄹㅈㅇㄹㅈ,드릴 좀 알려줘,teacher_generator,0,review,
train,positioning,ㄷㄹㅈㅇㄹㅈ,다른 줄 알려줘,teacher_generator,0,review,
train,positioning,ㄷㄹㅈㅇㄹㅈ,다른 절 알려줘,teacher_generator,0,review,
train,positioning,ㄷㄹㅈㅇㄹㅈ,대리 좀 알려줘,teacher_generator,0,review,
train,positioning,ㄷㅇㅈㄱㅅㅇㅈ,다음 주 가서 오자,teacher_generator,0,review,
train,positioning,ㄷㅇㅈㄱㅅㅇㅈ,다음 주 가서 웃자,teacher_generator,0,review,
train,positioning,ㄷㅇㅈㄱㅅㅇㅈ,다음 주 가서 읽자,teacher_generator,0,review,
train,positioning,ㄷㅇㅈㄱㅅㅇㅈ,다음 주 가서 앉자,teacher_generator,0,review,
train,positioning,ㄷㅇㅈㄱㅅㅇㅈ,다음 주 기사 읽자,teacher_generator,0,review,
train,positioning,ㄷㅇㅈㄱㅅㅇㅈ,다음 주 공사 없지,teacher_generator,0,review,
train,positioning,ㄷㅇㅈㄱㅅㅇㅈ,다음 주 공사 있지,teacher_generator,0,review,
train,positioning,ㄷㅇㅈㄱㅅㅇㅈ,다음 주 계속 오자,teacher_generator,0,review,
train,positioning,ㄷㅇㅈㄱㅅㅇㅈ,다음 주 계속 웃자,teacher_generator,0,review,
train,positioning,ㄷㅇㅈㄱㅅㅇㅈ,다음 주 계산 잊자,teacher_generator,0,review,
train,positioning,ㄷㅇㅈㄱㅅㅇㅈ,다음 주 고생 잊자,teacher_generator,0,review,
train,positioning,ㄷㅇㅈㄱㅅㅇㅈ,다음 주 고생 없죠,teacher_generator,0,review,
train,positioning,ㄷㅇㅈㄱㅅㅇㅈ,다음 주 고생 있죠,teacher_generator,0,review,
train,positioning,ㄷㅇㅈㄱㅅㅇㅈ,다음 주 검사 있죠,teacher_generator,0,review,
train,positioning,ㄷㅇㅈㄱㅅㅇㅈ,다음 주 검사 없죠,teacher_generator,0,review,
train,positioning,ㄷㅇㅈㄱㅅㅇㅈ,다음 주 검사 일정,teacher_generator,0,review,
dev,pain_discomfort,ㅁㄹㄱㅇㅈㄹㅇ,뭐라고요? 잘래요?,teacher_generator,0,review,
dev,pain_discomfort,ㅁㄹㄱㅇㅈㄹㅇ,뭐라고요? 줄래요?,teacher_generator,0,review,
dev,pain_discomfort,ㅁㄹㄱㅇㅈㄹㅇ,뭐라고요? 저래요?,teacher_generator,0,review,
dev,pain_discomfort,ㅁㄹㄱㅇㅈㄹㅇ,뭐라고요? 잘려요.,teacher_generator,0,review,
dev,pain_discomfort,ㅁㄹㄱㅇㅈㄹㅇ,말라고요? 잘래요?,teacher_generator,0,review,
dev,pain_discomfort,ㅁㄹㄱㅇㅈㄹㅇ,말라고요? 줄래요?,teacher_generator,0,review,
dev,pain_discomfort,ㅁㄹㄱㅇㅈㄹㅇ,"말리고요, 잘라요.",teacher_generator,0,review,
dev,pain_discomfort,ㅁㄹㄱㅇㅈㄹㅇ,"말리고요, 잘려요.",teacher_generator,0,review,
dev,pain_discomfort,ㅁㄹㄱㅇㅈㄹㅇ,"모르고요, 잘래요.",teacher_generator,0,review,
dev,pain_discomfort,ㅁㄹㄱㅇㅈㄹㅇ,"모르고요, 줄래요?",teacher_generator,0,review,
dev,pain_discomfort,ㅁㄹㄱㅇㅈㄹㅇ,"모를게요, 잘라요.",teacher_generator,0,review,
dev,pain_discomfort,ㅁㄹㄱㅇㅈㄹㅇ,"모를게요, 저래요.",teacher_generator,0,review,
dev,pain_discomfort,ㅁㄹㄱㅇㅈㄹㅇ,"미룰게요, 잘래요.",teacher_generator,0,review,
dev,pain_discomfort,ㅁㄹㄱㅇㅈㄹㅇ,"미룰게요, 줄래요?",teacher_generator,0,review,
dev,pain_discomfort,ㅁㄹㄱㅇㅈㄹㅇ,"무를게요, 잘려요.",teacher_generator,0,review,
dev,pain_discomfort,ㅁㄹㄱㅇㅈㄹㅇ,"무를게요, 졸라요.",teacher_generator,0,review,
train,positioning,ㅁㅇㄱㅇㄷㄹㅇㄱㅈ,뭐 이거 어디로 온 거죠,teacher_generator,0,review,
train,positioning,ㅁㅇㄱㅇㄷㄹㅇㄱㅈ,뭐 이거 어디로 온 거지,teacher_generator,0,review,
train,positioning,ㅁㅇㄱㅇㄷㄹㅇㄱㅈ,뭐 이거 어디로 온 건지,teacher_generator,0,review,
train,positioning,ㅁㅇㄱㅇㄷㄹㅇㄱㅈ,뭐 이게 어디로 온 거죠,teacher_generator,0,review,
train,positioning,ㅁㅇㄱㅇㄷㄹㅇㄱㅈ,뭐 이게 어디로 온 거지,teacher_generator,0,review,
train,positioning,ㅁㅇㄱㅇㄷㄹㅇㄱㅈ,뭐 이게 어디로 온 건지,teacher_generator,0,review,
train,positioning,ㅁㅇㄱㅇㄷㄹㅇㄱㅈ,뭐 이건 어디로 온 거죠,teacher_generator,0,review,
train,positioning,ㅁㅇㄱㅇㄷㄹㅇㄱㅈ,뭐 이건 어디로 온 거지,teacher_generator,0,review,
train,positioning,ㅁㅇㄱㅇㄷㄹㅇㄱㅈ,뭐 이건 어디로 온 건지,teacher_generator,0,review,
train,pain_discomfort,ㅁㅇㄴㅁㅇㅍ,뭐야 너 뭐 아파,teacher_generator,0,review,
train,pain_discomfort,ㅁㅇㄴㅁㅇㅍ,뭐야 나 목 아파,teacher_generator,0,review,
train,pain_discomfort,ㅁㅇㄴㅁㅇㅍ,뭐야 나 몸 아파,teacher_generator,0,review,
train,pain_discomfort,ㅁㅇㄴㅁㅇㅍ,뭐야 나 맘 아파,teacher_generator,0,review,
train,pain_discomfort,ㅁㅇㄴㅁㅇㅍ,뭐야 너 목 아파,teacher_generator,0,review,
train,pain_discomfort,ㅁㅇㄴㅁㅇㅍ,뭐야 너 몸 아파,teacher_generator,0,review,
train,pain_discomfort,ㅁㅇㄴㅁㅇㅍ,뭐야 너 맘 아파,teacher_generator,0,review,
train,pain_discomfort,ㅁㅇㄴㅁㅇㅍ,미안 나 목 아파,teacher_generator,0,review,
train,pain_discomfort,ㅁㅇㄴㅁㅇㅍ,미안 나 몸 아파,teacher_generator,0,review,
train,pain_discomfort,ㅁㅇㄴㅁㅇㅍ,미안 나 맘 아파,teacher_generator,0,review,
train,pain_discomfort,ㅁㅇㄴㅁㅇㅍ,민아 나 목 아파,teacher_generator,0,review,
train,pain_discomfort,ㅁㅇㄴㅁㅇㅍ,민아 나 몸 아파,teacher_generator,0,review,
train,pain_discomfort,ㅁㅇㄴㅁㅇㅍ,민아 나 맘 아파,teacher_generator,0,review,
train,pain_discomfort,ㅁㅇㄴㅁㅇㅍ,민아 너 목 아파,teacher_generator,0,review,
train,pain_discomfort,ㅁㅇㄴㅁㅇㅍ,민아 너 몸 아파,teacher_generator,0,review,
train,pain_discomfort,ㅁㅇㄴㅁㅇㅍ,미영 나 목 아파,teacher_generator,0,review,
train,positioning,ㅁㅇㅈㄱㄴㅎㅈ,"미안, 저건 나 하지",teacher_generator,0,review,
train,positioning,ㅁㅇㅈㄱㄴㅎㅈ,"미안, 저거 나 하지",teacher_generator,0,review,
train,positioning,ㅁㅇㅈㄱㄴㅎㅈ,"미안, 저건 나 하자",teacher_generator,0,review,
train,positioning,ㅁㅇㅈㄱㄴㅎㅈ,"미안, 저거 나 하자",teacher_generator,0,review,
train,positioning,ㅁㅇㅈㄱㄴㅎㅈ,"미안, 저건 나 해줘",teacher_generator,0,review,
train,positioning,ㅁㅇㅈㄱㄴㅎㅈ,"미안, 저거 나 해줘",teacher_generator,0,review,
train,positioning,ㅁㅇㅈㄱㄴㅎㅈ,"뭐야, 저건 나 하지",teacher_generator,0,review,
train,positioning,ㅁㅇㅈㄱㄴㅎㅈ,"뭐야, 저거 나 하지",teacher_generator,0,review,
train,positioning,ㅁㅇㅈㄱㄴㅎㅈ,"뭐야, 저건 나 하자",teacher_generator,0,review,
train,positioning,ㅁㅇㅈㄱㄴㅎㅈ,"뭐야, 저거 나 하자",teacher_generator,0,review,
train,positioning,ㅁㅇㅈㄱㄴㅎㅈ,"뭐야, 저건 나 해줘",teacher_generator,0,review,
train,positioning,ㅁㅇㅈㄱㄴㅎㅈ,"뭐야, 저거 나 해줘",teacher_generator,0,review,
train,positioning,ㅁㅇㅈㄱㄴㅎㅈ,"무엇, 저건 나 하지",teacher_generator,0,review,
train,positioning,ㅁㅇㅈㄱㄴㅎㅈ,"무엇, 저거 나 하지",teacher_generator,0,review,
train,positioning,ㅁㅇㅈㄱㄴㅎㅈ,"말아, 저건 나 하지",teacher_generator,0,review,
train,positioning,ㅁㅇㅈㄱㄴㅎㅈ,"말아, 저거 나 하지",teacher_generator,0,review,
train,pain_discomfort,ㅁㅇㅈㄲㄸㄹ,뭐 이제 꼭 때려,teacher_generator,0,review,
train,pain_discomfort,ㅁㅇㅈㄲㄸㄹ,뭐 이젠 꼭 때려,teacher_generator,0,review,
train,pain_discomfort,ㅁㅇㅈㄲㄸㄹ,뭘 이제 꼭 때려,teacher_generator,0,review,
train,pain_discomfort,ㅁㅇㅈㄲㄸㄹ,뭘 이젠 꼭 때려,teacher_generator,0,review,
train,pain_discomfort,ㅁㅇㅈㄲㄸㄹ,말 이제 꼭 때려,teacher_generator,0,review,
train,pain_discomfort,ㅁㅇㅈㄲㄸㄹ,말 이젠 꼭 때려,teacher_generator,0,review,
train,pain_discomfort,ㅁㅇㅈㄲㄸㄹ,뭐 이제 꼭 따라,teacher_generator,0,review,
train,pain_discomfort,ㅁㅇㅈㄲㄸㄹ,뭐 이젠 꼭 따라,teacher_generator,0,review,
train,pain_discomfort,ㅁㅇㅈㄲㄸㄹ,뭘 이제 꼭 따라,teacher_generator,0,review,
train,pain_discomfort,ㅁㅇㅈㄲㄸㄹ,뭘 이젠 꼭 따라,teacher_generator,0,review,
train,pain_discomfort,ㅁㅇㅈㄲㄸㄹ,말 이제 꼭 따라,teacher_generator,0,review,
train,pain_discomfort,ㅁㅇㅈㄲㄸㄹ,말 이젠 꼭 따라,teacher_generator,0,review,
train,pain_discomfort,ㅁㅇㅈㄲㄸㄹ,뭐 이제 꼭 떼라,teacher_generator,0,review,
train,pain_discomfort,ㅁㅇㅈㄲㄸㄹ,뭐 이젠 꼭 떼라,teacher_generator,0,review,
train,pain_discomfort,ㅁㅇㅈㄲㄸㄹ,뭘 이제 꼭 떼라,teacher_generator,0,review,
train,pain_discomfort,ㅁㅇㅈㄲㄸㄹ,뭘 이젠 꼭 떼라,teacher_generator,0,review,
train,pain_discomfort,ㅂㄱㄷㅂㄹㅎ,방금도 바로 해,teacher_generator,0,review,
train,pain_discomfort,ㅂㄱㄷㅂㄹㅎ,보고도 바로 해,teacher_generator,0,review,
train,pain_discomfort,ㅂㄱㄷㅂㄹㅎ,보고 다 바로 해,teacher_generator,0,review,
train,pain_discomfort,ㅂㄱㄷㅂㄹㅎ,비교도 바로 해,teacher_generator,0,review,
train,pain_discomfort,ㅂㄱㄷㅂㄹㅎ,변경도 바로 해,teacher_generator,0,review,
train,pain_discomfort,ㅂㄱㄷㅂㄹㅎ,복구도 바로 해,teacher_generator,0,review,
train,pain_discomfort,ㅂㄱㄷㅂㄹㅎ,보관도 바로 해,teacher_generator,0,review,
train,pain_discomfort,ㅂㄱㄷㅂㄹㅎ,발급도 바로 해,teacher_generator,0,review,
train,pain_discomfort,ㅂㄱㄷㅂㄹㅎ,배급도 바로 해,teacher_generator,0,review,
train,pain_discomfort,ㅂㄱㄷㅂㄹㅎ,부과도 바로 해,teacher_generator,0,review,
train,pain_discomfort,ㅂㄱㄷㅂㄹㅎ,보급도 바로 해,teacher_generator,0,review,
train,pain_discomfort,ㅂㄱㄷㅂㄹㅎ,반가도 바로 해,teacher_generator,0,review,
train,pain_discomfort,ㅂㄱㄷㅂㄹㅎ,방귀도 바로 해,teacher_generator,0,review,
train,pain_discomfort,ㅂㄱㄷㅂㄹㅎ,번갈도 바로 해,teacher_generator,0,review,
train,positioning,ㅂㄱㅈㄴㅇㅈ,버거 좀 넣어줘,teacher_generator,0,review,
train,positioning,ㅂㄱㅈㄴㅇㅈ,보고 좀 넣어줘,teacher_generator,0,review,
train,positioning,ㅂㄱㅈㄴㅇㅈ,보고 좀 나와줘,teacher_generator,0,review,
train,positioning,ㅂㄱㅈㄴㅇㅈ,밥값 좀 내어줘,teacher_generator,0,review,
train,positioning,ㅂㄱㅈㄴㅇㅈ,배경 좀 넣어줘,teacher_generator,0,review,
train,positioning,ㅂㄱㅈㄴㅇㅈ,방금 좀 나와줘,teacher_generator,0,review,
train,positioning,ㅂㄱㅈㄴㅇㅈ,볼 것 좀 내어줘,teacher_generator,0,review,
train,positioning,ㅂㄱㅈㄴㅇㅈ,별거 좀 내어줘,teacher_generator,0,review,
train,positioning,ㅂㄱㅈㄴㅇㅈ,봉급 좀 내어줘,teacher_generator,0,review,
train,positioning,ㅂㄱㅈㄴㅇㅈ,보고 좀 내오자,teacher_generator,0,review,
train,positioning,ㅂㄱㅈㄴㅇㅈ,보고 좀 내오죠,teacher_generator,0,review,
train,positioning,ㅂㄱㅈㄴㅇㅈ,밥값 좀 내오죠,teacher_generator,0,review,
train,positioning,ㅂㄱㅈㄴㅇㅈ,봉급 좀 내오죠,teacher_generator,0,review,
train,positioning,ㅂㄱㅈㄴㅇㅈ,비가 좀 내야죠,teacher_generator,0,review,
train,positioning,ㅂㄱㅈㄴㅇㅈ,배경 좀 내어줘,teacher_generator,0,review,
train,positioning,ㅂㄱㅈㄴㅇㅈ,버거 좀 내어줘,teacher_generator,0,review,
train,positioning,ㅂㄱㅈㄴㅊㅈ,비교 좀 내치자,teacher_generator,0,review,
train,positioning,ㅂㄱㅈㄴㅊㅈ,비가 좀 나 참자,teacher_generator,0,review,
train,positioning,ㅂㄱㅈㄴㅊㅈ,방금 전 난 찾자,teacher_generator,0,review,
train,positioning,ㅂㄱㅈㄴㅊㅈ,부근 집 난 찾자,teacher_generator,0,review,
train,positioning,ㅂㄱㅈㄴㅊㅈ,밥과 죽 나 참자,teacher_generator,0,review,
train,positioning,ㅂㄱㅈㄴㅊㅈ,보고 좀 나 참자,teacher_generator,0,review,
train,positioning,ㅂㄱㅈㄴㅊㅈ,비교 전 난 찾자,teacher_generator,0,review,
train,positioning,ㅂㄱㅈㄴㅊㅈ,부과 전 난 참자,teacher_generator,0,review,
train,positioning,ㅂㄱㅈㄴㅊㅈ,보관 전 난 찾자,teacher_generator,0,review,
train,positioning,ㅂㄱㅈㄴㅊㅈ,버금 줄 난 참자,teacher_generator,0,review,
train,positioning,ㅂㄱㅈㄴㅊㅈ,비교 좀 나 참자,teacher_generator,0,review,
train,positioning,ㅂㄱㅈㄴㅊㅈ,방금 좀 나 참자,teacher_generator,0,review,
train,positioning,ㅂㄱㅈㄴㅊㅈ,부근 좀 나 찾자,teacher_generator,0,review,
train,positioning,ㅂㅇㅂㅊㅈ,불을 비춰줘,teacher_generator,0,review,
train,positioning,ㅂㅇㅂㅊㅈ,불이 비치죠,teacher_generator,0,review,
train,positioning,ㅂㅇㅂㅊㅈ,불이 비추죠,teacher_generator,0,review,
train,positioning,ㅂㅇㅂㅊㅈ,방에 비춰줘,teacher_generator,0,review,
train,positioning,ㅂㅇㅂㅊㅈ,방에 비치죠,teacher_generator,0,review,
train,positioning,ㅂㅇㅂㅊㅈ,방에 비추죠,teacher_generator,0,review,
train,positioning,ㅂㅇㅂㅊㅈ,밖에 비춰줘,teacher_generator,0,review,
train,positioning,ㅂㅇㅂㅊㅈ,밖에 비치죠,teacher_generator,0,review,
train,positioning,ㅂㅇㅂㅊㅈ,밖에 비추죠,teacher_generator,0,review,
train,positioning,ㅂㅇㅂㅊㅈ,벽에 비춰줘,teacher_generator,0,review,
train,positioning,ㅂㅇㅂㅊㅈ,벽에 비치죠,teacher_generator,0,review,
train,positioning,ㅂㅇㅂㅊㅈ,벽에 비추죠,teacher_generator,0,review,
train,positioning,ㅂㅇㅂㅊㅈ,빛을 비춰줘,teacher_generator,0,review,
train,positioning,ㅂㅇㅂㅊㅈ,빛이 비치죠,teacher_generator,0,review,
train,positioning,ㅂㅇㅂㅊㅈ,빛이 비추죠,teacher_generator,0,review,
train,positioning,ㅂㅇㅂㅊㅈ,배에 비치죠,teacher_generator,0,review,
train,medical_communication,ㅂㅎㅈㅇㄱㅇㄹㅎㅈㅅㅇ,번호 적어 그 일로 해주세요,teacher_generator,0,review,
train,medical_communication,ㅂㅎㅈㅇㄱㅇㄹㅎㅈㅅㅇ,비행 중에 그 일로 해주세요,teacher_generator,0,review,
train,medical_communication,ㅂㅎㅈㅇㄱㅇㄹㅎㅈㅅㅇ,발행 전에 그 일로 해주세요,teacher_generator,0,review,
train,medical_communication,ㅂㅎㅈㅇㄱㅇㄹㅎㅈㅅㅇ,방향 잡아 그 일로 해주세요,teacher_generator,0,review,
train,pain_discomfort,ㅅㄲㅇㅈㄹ,실 끼워 줄래,teacher_generator,0,review,
train,pain_discomfort,ㅅㄲㅇㅈㄹ,실 끼워 줘라,teacher_generator,0,review,
train,pain_discomfort,ㅅㄲㅇㅈㄹ,실 끼워 주라,teacher_generator,0,review,
train,pain_discomfort,ㅅㄲㅇㅈㄹ,실 꿰어 줄래,teacher_generator,0,review,
train,pain_discomfort,ㅅㄲㅇㅈㄹ,실 꿰어 줘라,teacher_generator,0,review,
train,pain_discomfort,ㅅㄲㅇㅈㄹ,실 꿰어 주라,teacher_generator,0,review,
train,pain_discomfort,ㅅㄲㅇㅈㄹ,술 끊어 줄래,teacher_generator,0,review,
train,pain_discomfort,ㅅㄲㅇㅈㄹ,술 끊어 줘라,teacher_generator,0,review,
train,pain_discomfort,ㅅㄲㅇㅈㄹ,술 끊어 주라,teacher_generator,0,review,
train,pain_discomfort,ㅅㄲㅇㅈㄹ,술 끊어 줄라,teacher_generator,0,review,
train,pain_discomfort,ㅅㄲㅇㅈㄹ,소 끼워 줄래,teacher_generator,0,review,
train,pain_discomfort,ㅅㄲㅇㅈㄹ,소 끼워 줘라,teacher_generator,0,review,
train,pain_discomfort,ㅅㄲㅇㅈㄹ,소 끼워 주라,teacher_generator,0,review,
train,pain_discomfort,ㅅㄲㅇㅈㄹ,새끼야 저리,teacher_generator,0,review,
train,pain_discomfort,ㅅㄲㅇㅈㄹ,새끼야 줘라,teacher_generator,0,review,
train,pain_discomfort,ㅅㄲㅇㅈㄹ,새끼야 잘라,teacher_generator,0,review,
dev,medical_communication,ㅅㅁㅇㄷㅅㅎㅈㅅㅇ,설명은 다시 해 주셔요,teacher_generator,0,review,
dev,medical_communication,ㅅㅁㅇㄷㅅㅎㅈㅅㅇ,소문이 더 심해져서요,teacher_generator,0,review,
dev,medical_communication,ㅅㅁㅇㄷㅅㅎㅈㅅㅇ,수면은 더 심해져서요,teacher_generator,0,review,
dev,medical_communication,ㅅㅁㅇㄷㅅㅎㅈㅅㅇ,신문은 다시 해 주셔요,teacher_generator,0,review,
dev,medical_communication,ㅅㅁㅇㄷㅅㅎㅈㅅㅇ,성명은 다시 해 주셔요,teacher_generator,0,review,
dev,medical_communication,ㅅㅁㅇㄷㅅㅎㅈㅅㅇ,설명은 다시 해 주실요,teacher_generator,0,review,
dev,medical_communication,ㅅㅁㅇㄷㅅㅎㅈㅅㅇ,수면이 더 심해져서요,teacher_generator,0,review,
dev,medical_communication,ㅅㅁㅇㄷㅅㅎㅈㅅㅇ,소문은 더 심해져서요,teacher_generator,0,review,
train,medical_communication,ㅅㅅㄹㅈㄱㅇㄹㅈㅅㅇ,사실로 제가 알려주세요,teacher_generator,0,review,
train,medical_communication,ㅅㅅㄹㅈㄱㅇㄹㅈㅅㅇ,사실로 제가 알려주셔요,teacher_generator,0,review,
train,medical_communication,ㅅㅅㄹㅈㄱㅇㄹㅈㅅㅇ,사실로 제가 알려주시오,teacher_generator,0,review,
train,medical_communication,ㅅㅅㄹㅈㄱㅇㄹㅈㅅㅇ,수술로 제가 알려주세요,teacher_generator,0,review,
train,medical_communication,ㅅㅅㄹㅈㄱㅇㄹㅈㅅㅇ,수술로 제가 알려주셔요,teacher_generator,0,review,
train,medical_communication,ㅅㅅㄹㅈㄱㅇㄹㅈㅅㅇ,수술로 제가 알려주시오,teacher_generator,0,review,
train,medical_communication,ㅅㅅㄹㅈㄱㅇㄹㅈㅅㅇ,소설로 제가 알려주세요,teacher_generator,0,review,
train,medical_communication,ㅅㅅㄹㅈㄱㅇㄹㅈㅅㅇ,소스로 제가 알려주세요,teacher_generator,0,review,
train,medical_communication,ㅅㅅㄹㅈㄱㅇㄹㅈㅅㅇ,상식론 제가 알려주세요,teacher_generator,0,review,
train,medical_communication,ㅅㅅㄹㅈㄱㅇㄹㅈㅅㅇ,사슬로 제가 알려주세요,teacher_generator,0,review,
train,medical_communication,ㅅㅅㄹㅈㄱㅇㄹㅈㅅㅇ,사실로 저기 알려주세요,teacher_generator,0,review,
train,medical_communication,ㅅㅅㅍㅎㄷㅎㅇㅎㅈㅅㅇ,사실 표현도 할 일 한 잔 사요,teacher_generator,0,review,
train,medical_communication,ㅅㅅㅍㅎㄷㅎㅇㅎㅈㅅㅇ,사실 표현도 할 일 한 잔 싫어,teacher_generator,0,review,
train,medical_communication,ㅅㅅㅍㅎㄷㅎㅇㅎㅈㅅㅇ,소식 표현도 할 일 한 잔 사요,teacher_generator,0,review,
train,medical_communication,ㅅㅅㅍㅎㄷㅎㅇㅎㅈㅅㅇ,소식 표현도 할 일 한 잔 싫어,teacher_generator,0,review,
train,medical_communication,ㅅㅅㅍㅎㄷㅎㅇㅎㅈㅅㅇ,생생 표현도 할 일 한 잔 사요,teacher_generator,0,review,
train,medical_communication,ㅅㅅㅍㅎㄷㅎㅇㅎㅈㅅㅇ,생생 표현도 할 일 한 잔 싫어,teacher_generator,0,review,
train,medical_communication,ㅅㅅㅍㅎㄷㅎㅇㅎㅈㅅㅇ,수시 표현도 할 일 한 잔 사요,teacher_generator,0,review,
train,medical_communication,ㅅㅅㅍㅎㄷㅎㅇㅎㅈㅅㅇ,수시 표현도 할 일 한 잔 싫어,teacher_generator,0,review,
train,medical_communication,ㅅㅅㅍㅎㄷㅎㅇㅎㅈㅅㅇ,선생 표현도 할 일 한 잔 사요,teacher_generator,0,review,
train,medical_communication,ㅅㅅㅍㅎㄷㅎㅇㅎㅈㅅㅇ,선생 표현도 할 일 한 잔 싫어,teacher_generator,0,review,
train,medical_communication,ㅅㅅㅍㅎㄷㅎㅇㅎㅈㅅㅇ,사실 폭행도 할 일 한 잔 사요,teacher_generator,0,review,
train,positioning,ㅅㅇㄴㄹㅈ,"싫어, 눌러줘",teacher_generator,0,review,
train,positioning,ㅅㅇㄴㄹㅈ,"싫어, 내려줘",teacher_generator,0,review,
train,positioning,ㅅㅇㄴㄹㅈ,"싫어, 날려줘",teacher_generator,0,review,
train,positioning,ㅅㅇㄴㄹㅈ,"싫어, 놀라지",teacher_generator,0,review,
train,positioning,ㅅㅇㄴㄹㅈ,사용 눌러줘,teacher_generator,0,review,
train,positioning,ㅅㅇㄴㄹㅈ,사연 날려줘,teacher_generator,0,review,
train,positioning,ㅅㅇㄴㄹㅈ,소원 날려줘,teacher_generator,0,review,
train,positioning,ㅅㅇㄴㄹㅈ,소원 눌러줘,teacher_generator,0,review,
train,positioning,ㅅㅇㄴㄹㅈ,사인 눌러줘,teacher_generator,0,review,
train,positioning,ㅅㅇㄴㄹㅈ,사이 눌러줘,teacher_generator,0,review,
train,positioning,ㅅㅇㄴㄹㅈ,세일 눌러줘,teacher_generator,0,review,
train,positioning,ㅅㅇㄴㄹㅈ,수업 눌러줘,teacher_generator,0,review,
train,positioning,ㅅㅇㄴㄹㅈ,손을 눌러줘,teacher_generator,0,review,
train,positioning,ㅅㅇㄴㄹㅈ,손은 눌러줘,teacher_generator,0,review,
train,positioning,ㅅㅇㄴㄹㅈ,선을 내려줘,teacher_generator,0,review,
train,pain_discomfort,ㅅㅇㄴㅁㅊ,"싫어, 난 못 참",teacher_generator,0,review,
train,pain_discomfort,ㅅㅇㄴㅁㅊ,"싫어, 나 못 참",teacher_generator,0,review,
train,pain_discomfort,ㅅㅇㄴㅁㅊ,"싫어, 난 뭘 참",teacher_generator,0,review,
train,pain_discomfort,ㅅㅇㄴㅁㅊ,"싫어, 나만 참",teacher_generator,0,review,
train,pain_discomfort,ㅅㅇㄴㅁㅊ,"싫어, 넌 못 참",teacher_generator,0,review,
train,pain_discomfort,ㅅㅇㄴㅁㅊ,"싫어, 넌 뭘 참",teacher_generator,0,review,
train,pain_discomfort,ㅅㅇㄴㅁㅊ,"싫어, 내 맘 참",teacher_generator,0,review,
train,pain_discomfort,ㅅㅇㄴㅁㅊ,"싶어, 난 못 참",teacher_generator,0,review,
train,pain_discomfort,ㅅㅇㄴㅁㅊ,"싶어, 나 못 참",teacher_generator,0,review,
train,pain_discomfort,ㅅㅇㄴㅁㅊ,"싶어, 난 뭘 참",teacher_generator,0,review,
train,pain_discomfort,ㅅㅇㄴㅁㅊ,"쉬어, 난 못 참",teacher_generator,0,review,
train,pain_discomfort,ㅅㅇㄴㅁㅊ,"쉬어, 나 못 참",teacher_generator,0,review,
train,pain_discomfort,ㅅㅇㄴㅁㅊ,"쉬어, 난 뭘 참",teacher_generator,0,review,
train,pain_discomfort,ㅅㅇㄴㅁㅊ,"세어, 난 몇 차",teacher_generator,0,review,
train,pain_discomfort,ㅅㅇㄴㅁㅊ,"사요, 난 뭐 참",teacher_generator,0,review,
train,pain_discomfort,ㅅㅇㄴㅁㅊ,"사요, 나 뭐 참",teacher_generator,0,review,
train,pain_discomfort,ㅅㅇㅆㄹ,"싫어, 쓸래?",teacher_generator,0,review,
train,pain_discomfort,ㅅㅇㅆㄹ,사야 쓸래?,teacher_generator,0,review,
train,pain_discomfort,ㅅㅇㅆㄹ,소원 쓸래?,teacher_generator,0,review,
train,pain_discomfort,ㅅㅇㅆㄹ,사인 쓸래?,teacher_generator,0,review,
train,pain_discomfort,ㅅㅇㅆㄹ,수어 쓸래?,teacher_generator,0,review,
train,pain_discomfort,ㅅㅇㅆㄹ,시약 쓸래?,teacher_generator,0,review,
train,pain_discomfort,ㅅㅇㅆㄹ,서울 쌀로,teacher_generator,0,review,
train,pain_discomfort,ㅅㅇㅆㄹ,서울 씨름,teacher_generator,0,review,
train,pain_discomfort,ㅅㅇㅆㄹ,서울 쌀류,teacher_generator,0,review,
train,pain_discomfort,ㅅㅇㅆㄹ,사용 쓸래?,teacher_generator,0,review,
train,positioning,ㅅㅈㅍㅈ,술 좀 퍼줘,teacher_generator,0,review,
train,positioning,ㅅㅈㅍㅈ,손 좀 펴자,teacher_generator,0,review,
train,positioning,ㅅㅈㅍㅈ,손 좀 풀자,teacher_generator,0,review,
train,positioning,ㅅㅈㅍㅈ,수저 퍼줘,teacher_generator,0,review,
train,positioning,ㅅㅈㅍㅈ,소주 퍼줘,teacher_generator,0,review,
train,positioning,ㅅㅈㅍㅈ,사진 편집,teacher_generator,0,review,
train,positioning,ㅅㅈㅍㅈ,사진 표지,teacher_generator,0,review,
train,positioning,ㅅㅈㅍㅈ,사전 표제,teacher_generator,0,review,
train,positioning,ㅅㅈㅍㅈ,시장 표준,teacher_generator,0,review,
train,positioning,ㅅㅈㅍㅈ,시장 폐점,teacher_generator,0,review,
train,positioning,ㅅㅈㅍㅈ,서점 폐점,teacher_generator,0,review,
train,positioning,ㅅㅈㅍㅈ,수저 포장,teacher_generator,0,review,
train,positioning,ㅅㅈㅍㅈ,수중 폭죽,teacher_generator,0,review,
train,positioning,ㅅㅈㅍㅈ,수직 표적,teacher_generator,0,review,
train,positioning,ㅅㅈㅍㅈ,사진 판정,teacher_generator,0,review,
train,medical_communication,ㅇㄱㅅㄹㄱㅇㅎㄱㄱㅇㅇ,이거 소리가 약한 것 같아요,teacher_generator,0,review,
train,medical_communication,ㅇㄱㅅㄹㄱㅇㅎㄱㄱㅇㅇ,이건 소리가 약한 것 같아요,teacher_generator,0,review,
train,medical_communication,ㅇㄱㅅㄹㄱㅇㅎㄱㄱㅇㅇ,이게 소리가 약한 것 같아요,teacher_generator,0,review,
train,medical_communication,ㅇㄱㅅㄹㄱㅇㅎㄱㄱㅇㅇ,여기 소리가 약한 것 같아요,teacher_generator,0,review,
train,medical_communication,ㅇㄱㅅㄹㄱㅇㅎㄱㄱㅇㅇ,이거 소리가 연한 것 같아요,teacher_generator,0,review,
train,medical_communication,ㅇㄱㅅㄹㄱㅇㅎㄱㄱㅇㅇ,이건 소리가 연한 것 같아요,teacher_generator,0,review,
train,medical_communication,ㅇㄱㅅㄹㄱㅇㅎㄱㄱㅇㅇ,이게 소리가 연한 것 같아요,teacher_generator,0,review,
train,medical_communication,ㅇㄱㅅㄹㄱㅇㅎㄱㄱㅇㅇ,여기 소리가 연한 것 같아요,teacher_generator,0,review,
dev,pain_discomfort,ㅇㄲㄱㅃㄱㅎ,어깨가 뻐근함,teacher_generator,0,review,
dev,pain_discomfort,ㅇㄲㄱㅃㄱㅎ,어깨가 뻐근한,teacher_generator,0,review,
dev,pain_discomfort,ㅇㄲㄱㅃㄱㅎ,어깨가 뻐근하,teacher_generator,0,review,
dev,pain_discomfort,ㅇㄲㄱㅃㄱㅎ,아 꼭 그 뽑기 해,teacher_generator,0,review,
dev,pain_discomfort,ㅇㄲㄱㅃㄱㅎ,어 꼭 그 뽑기 해,teacher_generator,0,review,
dev,pain_discomfort,ㅇㄲㄱㅃㄱㅎ,이 꼭 그 뽑기 해,teacher_generator,0,review,
dev,pain_discomfort,ㅇㄲㄱㅃㄱㅎ,아 꼭 그 뽑기 함,teacher_generator,0,review,
dev,pain_discomfort,ㅇㄲㄱㅃㄱㅎ,어 꼭 그 뽑기 함,teacher_generator,0,review,
dev,pain_discomfort,ㅇㄲㄱㅃㄱㅎ,이 꼭 그 뽑기 함,teacher_generator,0,review,
dev,pain_discomfort,ㅇㄲㄱㅃㄱㅎ,아 꼭 그 뽑기 한,teacher_generator,0,review,
dev,pain_discomfort,ㅇㄲㄱㅃㄱㅎ,어 꼭 그 뽑기 한,teacher_generator,0,review,
dev,pain_discomfort,ㅇㄲㄱㅃㄱㅎ,아 꼭 그 뽑기 후,teacher_generator,0,review,
dev,pain_discomfort,ㅇㄲㄱㅃㄱㅎ,어 꼭 그 뽑기 후,teacher_generator,0,review,
train,positioning,ㅇㄲㄹㅂㅊㅈ,"안 끌려, 받쳐줘",teacher_generator,0,review,
train,positioning,ㅇㄲㄹㅂㅊㅈ,"안 끌려, 비춰줘",teacher_generator,0,review,
train,positioning,ㅇㄲㄹㅂㅊㅈ,"안 끌려, 부쳐줘",teacher_generator,0,review,
train,positioning,ㅇㄲㄹㅂㅊㅈ,"아, 끌려. 받쳐줘",teacher_generator,0,review,
train,positioning,ㅇㄲㄹㅂㅊㅈ,"아, 끌려. 비춰줘",teacher_generator,0,review,
train,positioning,ㅇㄲㄹㅂㅊㅈ,"아, 끌려. 부쳐줘",teacher_generator,0,review,
train,positioning,ㅇㄲㄹㅂㅊㅈ,"어, 끌려. 받쳐줘",teacher_generator,0,review,
train,positioning,ㅇㄲㄹㅂㅊㅈ,"어, 끌려. 비춰줘",teacher_generator,0,review,
train,positioning,ㅇㄲㄹㅂㅊㅈ,"어, 끌려. 부쳐줘",teacher_generator,0,review,
train,positioning,ㅇㄲㄹㅂㅊㅈ,왜 끌려? 받쳐줘,teacher_generator,0,review,
train,positioning,ㅇㄲㄹㅂㅊㅈ,왜 끌려? 비춰줘,teacher_generator,0,review,
train,positioning,ㅇㄲㄹㅂㅊㅈ,왜 끌려? 부쳐줘,teacher_generator,0,review,
train,positioning,ㅇㄲㄹㅂㅊㅈ,"오, 끌려. 받쳐줘",teacher_generator,0,review,
train,positioning,ㅇㄲㄹㅂㅊㅈ,"오, 끌려. 비춰줘",teacher_generator,0,review,
train,positioning,ㅇㄲㄹㅂㅊㅈ,"요, 끌려. 받쳐줘",teacher_generator,0,review,
train,positioning,ㅇㄲㄹㅂㅊㅈ,"요, 끌려. 비춰줘",teacher_generator,0,review,
train,medical_communication,ㅇㅅㅇㅈㅇㄴㅇ,이상 없지 않나요,teacher_generator,0,review,
train,medical_communication,ㅇㅅㅇㅈㅇㄴㅇ,이상 있지 않나요,teacher_generator,0,review,
train,medical_communication,ㅇㅅㅇㅈㅇㄴㅇ,이사 오지 않나요,teacher_generator,0,review,
train,medical_communication,ㅇㅅㅇㅈㅇㄴㅇ,요새 오지 않나요,teacher_generator,0,review,
train,medical_communication,ㅇㅅㅇㅈㅇㄴㅇ,어서 오지 않나요,teacher_generator,0,review,
train,medical_communication,ㅇㅅㅇㅈㅇㄴㅇ,우선 오지 않나요,teacher_generator,0,review,
train,medical_communication,ㅇㅅㅇㅈㅇㄴㅇ,"이상 없죠, 아니요",teacher_generator,0,review,
train,medical_communication,ㅇㅅㅇㅈㅇㄴㅇ,"이상 있죠, 아니요",teacher_generator,0,review,
train,medical_communication,ㅇㅅㅇㅈㅇㄴㅇ,"이사 오죠, 아니요",teacher_generator,0,review,
train,medical_communication,ㅇㅅㅇㅈㅇㄴㅇ,"요새 오죠, 아니요",teacher_generator,0,review,
train,medical_communication,ㅇㅅㅇㅈㅇㄴㅇ,"어서 오죠, 아니요",teacher_generator,0,review,
train,medical_communication,ㅇㅅㅇㅈㅇㄴㅇ,"우선 오죠, 아니요",teacher_generator,0,review,
train,medical_communication,ㅇㅅㅇㅈㅇㄴㅇ,"이사 있죠, 아니요",teacher_generator,0,review,
train,medical_communication,ㅇㅅㅇㅈㅇㄴㅇ,"요새 있죠, 아니요",teacher_generator,0,review,
train,medical_communication,ㅇㅅㅇㅈㅇㄴㅇ,"어서 있죠, 아니요",teacher_generator,0,review,
train,medical_communication,ㅇㅅㅇㅈㅇㄴㅇ,"우선 있죠, 아니요",teacher_generator,0,review,
train,medical_communication,ㅇㅇㄹㅇㅇㄹㅈㅅㅇ,아 이리 와 얼른 주세요,teacher_generator,0,review,
train,medical_communication,ㅇㅇㄹㅇㅇㄹㅈㅅㅇ,어 이리 와 얼른 주세요,teacher_generator,0,review,
train,medical_communication,ㅇㅇㄹㅇㅇㄹㅈㅅㅇ,오 이리 와 얼른 주세요,teacher_generator,0,review,
train,medical_communication,ㅇㅇㄹㅇㅇㄹㅈㅅㅇ,응 이리 와 얼른 주세요,teacher_generator,0,review,
train,medical_communication,ㅇㅇㄹㅇㅇㄹㅈㅅㅇ,예 이리 와 얼른 주세요,teacher_generator,0,review,
train,medical_communication,ㅇㅇㄹㅇㅇㄹㅈㅅㅇ,아 이리 와 얼른 주셔요,teacher_generator,0,review,
train,medical_communication,ㅇㅇㄹㅇㅇㄹㅈㅅㅇ,어 이리 와 얼른 주셔요,teacher_generator,0,review,
train,medical_communication,ㅇㅇㄹㅇㅇㄹㅈㅅㅇ,오 이리 와 얼른 주셔요,teacher_generator,0,review,
train,medical_communication,ㅇㅇㄹㅇㅇㄹㅈㅅㅇ,아 이리 와 얼른 주시오,teacher_generator,0,review,
train,medical_communication,ㅇㅇㄹㅇㅇㄹㅈㅅㅇ,어 이리 와 얼른 주시오,teacher_generator,0,review,
train,medical_communication,ㅇㅇㄹㅇㅇㄹㅈㅅㅇ,아 이리 와 얼른 좀 쉬어,teacher_generator,0,review,
train,medical_communication,ㅇㅇㄹㅇㅇㄹㅈㅅㅇ,어 이리 와 얼른 좀 쉬어,teacher_generator,0,review,
train,medical_communication,ㅇㅇㄹㅇㅇㄹㅈㅅㅇ,오 이리 와 얼른 좀 쉬어,teacher_generator,0,review,
train,medical_communication,ㅇㅇㄹㅇㅇㄹㅈㅅㅇ,아 이리 와 얼른 잘 쉬어,teacher_generator,0,review,
train,medical_communication,ㅇㅇㄹㅇㅇㄹㅈㅅㅇ,어 이리 와 얼른 잘 쉬어,teacher_generator,0,review,
train,medical_communication,ㅇㅇㄹㅇㅇㄹㅈㅅㅇ,오 이리 와 얼른 잠시요,teacher_generator,0,review,
train,pain_discomfort,ㅇㅇㅇㄴㅁㅁㄹ,응응응 나만 몰라,teacher_generator,0,review,
train,pain_discomfort,ㅇㅇㅇㄴㅁㅁㄹ,응응응 너만 몰라,teacher_generator,0,review,
train,pain_discomfort,ㅇㅇㅇㄴㅁㅁㄹ,어어어 나만 몰라,teacher_generator,0,review,
train,pain_discomfort,ㅇㅇㅇㄴㅁㅁㄹ,어어어 너만 몰라,teacher_generator,0,review,
train,pain_discomfort,ㅇㅇㅇㄴㅁㅁㄹ,아아아 나만 몰라,teacher_generator,0,review,
train,pain_discomfort,ㅇㅇㅇㄴㅁㅁㄹ,아아아 너만 몰라,teacher_generator,0,review,
train,pain_discomfort,ㅇㅇㅇㄴㅁㅁㄹ,응응응 난 뭐 몰라,teacher_generator,0,review,
train,pain_discomfort,ㅇㅇㅇㄴㅁㅁㄹ,어어어 난 뭐 몰라,teacher_generator,0,review,
train,pain_discomfort,ㅇㅇㅇㄴㅁㅁㄹ,아아아 난 뭐 몰라,teacher_generator,0,review,
train,medical_communication,ㅇㅇㅇㅈㅁㅁㅇㅇㅇ,아 이 어제 뭐 뭐 알아요,teacher_generator,0,review,
train,medical_communication,ㅇㅇㅇㅈㅁㅁㅇㅇㅇ,어 이 아직 뭐 뭐 있어요,teacher_generator,0,review,
train,positioning,ㅈㄱㅇㅇㄹㄷㄹㅈ,지금 우유를 달라줘,teacher_generator,0,review,
train,positioning,ㅈㄱㅇㅇㄹㄷㄹㅈ,저기 우유를 달라줘,teacher_generator,0,review,
train,positioning,ㅈㄱㅇㅇㄹㄷㄹㅈ,제게 우유를 달라줘,teacher_generator,0,review,
train,positioning,ㅈㄱㅇㅇㄹㄷㄹㅈ,제게 우유를 돌려줘,teacher_generator,0,review,
train,positioning,ㅈㄱㅇㅇㄹㄷㄹㅈ,지금 우유를 돌려줘,teacher_generator,0,review,
train,positioning,ㅈㄱㅇㅇㄹㄷㄹㅈ,저기 우유를 돌려줘,teacher_generator,0,review,
train,positioning,ㅈㄱㅇㅇㄹㄷㄹㅈ,제게 아이를 데려줘,teacher_generator,0,review,
train,positioning,ㅈㄱㅇㅇㄹㄷㄹㅈ,지금 아이를 데려줘,teacher_generator,0,review,
train,positioning,ㅈㄱㅇㅇㄹㄷㄹㅈ,저기 아이를 데려줘,teacher_generator,0,review,
train,medical_communication,ㅈㅅㄹㅎㅇㅎㅈㅅㅇ,주소를 확인해 주세요,teacher_generator,0,review,
train,medical_communication,ㅈㅅㄹㅎㅇㅎㅈㅅㅇ,장소를 확인해 주세요,teacher_generator,0,review,
train,medical_communication,ㅈㅅㄹㅎㅇㅎㅈㅅㅇ,전시를 확인해 주세요,teacher_generator,0,review,
train,medical_communication,ㅈㅅㄹㅎㅇㅎㅈㅅㅇ,증서를 확인해 주세요,teacher_generator,0,review,
train,medical_communication,ㅈㅅㄹㅎㅇㅎㅈㅅㅇ,지시를 확인해 주세요,teacher_generator,0,review,
train,medical_communication,ㅈㅅㄹㅎㅇㅎㅈㅅㅇ,주사를 확인해 주세요,teacher_generator,0,review,
train,medical_communication,ㅈㅅㄹㅎㅇㅎㅈㅅㅇ,질서를 확인해 주세요,teacher_generator,0,review,
train,medical_communication,ㅈㅅㄹㅎㅇㅎㅈㅅㅇ,조사를 확인해 주세요,teacher_generator,0,review,
train,medical_communication,ㅈㅅㄹㅎㅇㅎㅈㅅㅇ,지수를 확인해 주세요,teacher_generator,0,review,
train,medical_communication,ㅈㅅㄹㅎㅇㅎㅈㅅㅇ,점수를 확인해 주세요,teacher_generator,0,review,
train,medical_communication,ㅈㅅㄹㅎㅇㅎㅈㅅㅇ,접수를 확인해 주세요,teacher_generator,0,review,
train,medical_communication,ㅈㅅㄹㅎㅇㅎㅈㅅㅇ,정시를 확인해 주세요,teacher_generator,0,review,
train,medical_communication,ㅈㅅㄹㅎㅇㅎㅈㅅㅇ,제시를 확인해 주세요,teacher_generator,0,review,
train,medical_communication,ㅈㅅㄹㅎㅇㅎㅈㅅㅇ,장수를 확인해 주세요,teacher_generator,0,review,
train,medical_communication,ㅈㅅㅂㅇㄱㅇㅍㅇ,주사 부위가 아퍼요,teacher_generator,0,review,
train,medical_communication,ㅈㅅㅂㅇㄱㅇㅍㅇ,주사 부위가 아파유,teacher_generator,0,review,
train,medical_communication,ㅈㅅㅂㅇㄱㅇㅍㅇ,주사 부위가 아픔요,teacher_generator,0,review,
dev,ambiguity,ㅈㅉ,진짜,teacher_generator,0,review,
dev,ambiguity,ㅈㅉ,제 쪽,teacher_generator,0,review,
dev,ambiguity,ㅈㅉ,제짝,teacher_generator,0,review,
dev,ambiguity,ㅈㅉ,저 짝,teacher_generator,0,review,
dev,ambiguity,ㅈㅉ,쟤 쪽,teacher_generator,0,review,
dev,ambiguity,ㅈㅉ,집 쪽,teacher_generator,0,review,
dev,ambiguity,ㅈㅉ,장 쪽,teacher_generator,0,review,
dev,ambiguity,ㅈㅉ,잘 짜,teacher_generator,0,review,
dev,ambiguity,ㅈㅉ,좀 짜,teacher_generator,0,review,
dev,ambiguity,ㅈㅉ,잘 쪄,teacher_generator,0,review,
dev,ambiguity,ㅈㅉ,좀 쪄,teacher_generator,0,review,
dev,ambiguity,ㅈㅉ,잘 찌,teacher_generator,0,review,
dev,ambiguity,ㅈㅉ,좀 찌,teacher_generator,0,review,
dev,ambiguity,ㅈㅉ,잘 쫙,teacher_generator,0,review,
dev,ambiguity,ㅈㅉ,좀 쫙,teacher_generator,0,review,
train,positioning,ㅊㄷㄹㄴㄹㅈ,차도로나를줘,teacher_generator,0,review,
train,positioning,ㅊㄷㄹㄴㄹㅈ,차도로나를자,teacher_generator,0,review,
train,positioning,ㅊㄷㄹㄴㄹㅈ,철도로나를줘,teacher_generator,0,review,
train,positioning,ㅊㄷㄹㄴㄹㅈ,천도로나를줘,teacher_generator,0,review,
train,positioning,ㅊㄷㄹㄴㄹㅈ,초대로나를줘,teacher_generator,0,review,
train,positioning,ㅊㄷㄹㄴㄹㅈ,최대로나를줘,teacher_generator,0,review,
train,positioning,ㅊㄷㄹㄴㄹㅈ,차도랑나를줘,teacher_generator,0,review,
train,positioning,ㅊㄷㄹㅇㄹㅈ,찾도록 알려줘,teacher_generator,0,review,
train,positioning,ㅊㄷㄹㅇㄹㅈ,찾도록 일러줘,teacher_generator,0,review,
train,positioning,ㅊㄷㄹㅇㄹㅈ,최대로 알려줘,teacher_generator,0,review,
train,positioning,ㅊㄷㄹㅇㄹㅈ,최대로 일러줘,teacher_generator,0,review,
train,positioning,ㅊㄷㄹㅇㄹㅈ,참도록 알려줘,teacher_generator,0,review,
train,positioning,ㅊㄷㄹㅇㄹㅈ,참도록 일러줘,teacher_generator,0,review,
train,positioning,ㅊㄷㄹㅇㄹㅈ,치도록 알려줘,teacher_generator,0,review,
train,positioning,ㅊㄷㄹㅇㄹㅈ,치도록 일러줘,teacher_generator,0,review,
train,positioning,ㅊㄷㄹㅇㄹㅈ,차도록 알려줘,teacher_generator,0,review,
train,positioning,ㅊㄷㄹㅇㄹㅈ,차도록 일러줘,teacher_generator,0,review,
train,positioning,ㅊㄷㄹㅇㄹㅈ,추도록 알려줘,teacher_generator,0,review,
train,positioning,ㅊㄷㄹㅇㄹㅈ,추도록 일러줘,teacher_generator,0,review,
train,positioning,ㅊㄷㄹㅇㄹㅈ,초대라 알려줘,teacher_generator,0,review,
train,positioning,ㅊㄷㄹㅇㄹㅈ,초대라 일러줘,teacher_generator,0,review,
train,positioning,ㅊㄷㄹㅇㄹㅈ,초대란 알려줘,teacher_generator,0,review,
train,positioning,ㅊㄷㄹㅇㄹㅈ,초대란 일러줘,teacher_generator,0,review,
dev,medical_communication,ㅊㅇㄷㅅㅈㅈㅅㅇ,찾아도 소주 주세요,teacher_generator,0,review,
dev,medical_communication,ㅊㅇㄷㅅㅈㅈㅅㅇ,찾아도 수저 주세요,teacher_generator,0,review,
dev,medical_communication,ㅊㅇㄷㅅㅈㅈㅅㅇ,찾아도 사진 주세요,teacher_generator,0,review,
dev,medical_communication,ㅊㅇㄷㅅㅈㅈㅅㅇ,찾아도 수정 주세요,teacher_generator,0,review,
dev,medical_communication,ㅊㅇㄷㅅㅈㅈㅅㅇ,찾아도 숫자 주세요,teacher_generator,0,review,
dev,medical_communication,ㅊㅇㄷㅅㅈㅈㅅㅇ,찾아도 소주 주셔요,teacher_generator,0,review,
dev,medical_communication,ㅊㅇㄷㅅㅈㅈㅅㅇ,찾아도 수저 주셔요,teacher_generator,0,review,
dev,medical_communication,ㅊㅇㄷㅅㅈㅈㅅㅇ,찾아도 사진 주셔요,teacher_generator,0,review,
dev,medical_communication,ㅊㅇㄷㅅㅈㅈㅅㅇ,치워도 소주 주세요,teacher_generator,0,review,
dev,medical_communication,ㅊㅇㄷㅅㅈㅈㅅㅇ,치워도 수저 주세요,teacher_generator,0,review,
dev,medical_communication,ㅊㅇㄷㅅㅈㅈㅅㅇ,치워도 사진 주세요,teacher_generator,0,review,
dev,medical_communication,ㅊㅇㄷㅅㅈㅈㅅㅇ,치워도 수정 주세요,teacher_generator,0,review,
dev,medical_communication,ㅊㅇㄷㅅㅈㅈㅅㅇ,치워도 숫자 주세요,teacher_generator,0,review,
dev,medical_communication,ㅊㅇㄷㅅㅈㅈㅅㅇ,치워도 소주 주셔요,teacher_generator,0,review,
dev,medical_communication,ㅊㅇㄷㅅㅈㅈㅅㅇ,채워도 수저 주세요,teacher_generator,0,review,
dev,medical_communication,ㅊㅇㄷㅅㅈㅈㅅㅇ,채워도 사진 주세요,teacher_generator,0,review,
dev,medical_communication,ㅌㅈㅇㄷㅅㅎㅈㅇㅇ,통증은 더 심해졌어요,teacher_generator,0,review,
dev,medical_communication,ㅌㅈㅇㄷㅅㅎㅈㅇㅇ,통증이 다 심해졌어요,teacher_generator,0,review,
dev,medical_communication,ㅌㅈㅇㄷㅅㅎㅈㅇㅇ,투정이 더 심해졌어요,teacher_generator,0,review,
dev,medical_communication,ㅌㅈㅇㄷㅅㅎㅈㅇㅇ,투정은 더 심해졌어요,teacher_generator,0,review,
dev,medical_communication,ㅌㅈㅇㄷㅅㅎㅈㅇㅇ,투정이 다 심해졌어요,teacher_generator,0,review,
dev,medical_communication,ㅌㅈㅇㄷㅅㅎㅈㅇㅇ,탈진이 더 심해졌어요,teacher_generator,0,review,
dev,medical_communication,ㅌㅈㅇㄷㅅㅎㅈㅇㅇ,탈진은 더 심해졌어요,teacher_generator,0,review,
dev,medical_communication,ㅌㅈㅇㄷㅅㅎㅈㅇㅇ,탈진이 다 심해졌어요,teacher_generator,0,review,
dev,medical_communication,ㅌㅈㅇㄷㅅㅎㅈㅇㅇ,특징이 더 심해졌어요,teacher_generator,0,review,
dev,medical_communication,ㅌㅈㅇㄷㅅㅎㅈㅇㅇ,특징은 더 심해졌어요,teacher_generator,0,review,
dev,medical_communication,ㅌㅈㅇㄷㅅㅎㅈㅇㅇ,특징이 다 심해졌어요,teacher_generator,0,review,
train,medical_communication,ㅌㅈㅇㅊㄹㅂㅈㅅㅇ,통장 이체를 봐 주세요,teacher_generator,0,review,
train,medical_communication,ㅌㅈㅇㅊㄹㅂㅈㅅㅇ,토지에 차량 봐 주세요,teacher_generator,0,review,
train,medical_communication,ㅌㅈㅇㅊㄹㅂㅈㅅㅇ,토지의 차량 봐 주세요,teacher_generator,0,review,
train,medical_communication,ㅌㅈㅇㅊㄹㅂㅈㅅㅇ,퇴직은 차량 봐 주세요,teacher_generator,0,review,
train,medical_communication,ㅌㅈㅇㅊㄹㅂㅈㅅㅇ,통장에 차량 봐 주세요,teacher_generator,0,review,
train,medical_communication,ㅌㅈㅇㅊㄹㅂㅈㅅㅇ,통장에 차례 봐 주세요,teacher_generator,0,review,
train,medical_communication,ㅌㅈㅇㅊㄹㅂㅈㅅㅇ,택지에 차량 봐 주세요,teacher_generator,0,review,
train,medical_communication,ㅌㅈㅇㅊㄹㅂㅈㅅㅇ,택지의 차량 봐 주세요,teacher_generator,0,review,
train,medical_communication,ㅌㅈㅇㅊㄹㅂㅈㅅㅇ,토지에 차례 봐 주세요,teacher_generator,0,review,
train,medical_communication,ㅌㅈㅇㅊㄹㅂㅈㅅㅇ,토지의 차례 봐 주세요,teacher_generator,0,review,
train,medical_communication,ㅌㅈㅇㅊㄹㅂㅈㅅㅇ,퇴직에 차량 봐 주세요,teacher_generator,0,review,
train,medical_communication,ㅌㅈㅇㅊㄹㅂㅈㅅㅇ,퇴직의 차량 봐 주세요,teacher_generator,0,review,
train,medical_communication,ㅌㅈㅇㅊㄹㅂㅈㅅㅇ,특정인 차량 봐 주세요,teacher_generator,0,review,
train,medical_communication,ㅌㅈㅇㅊㄹㅂㅈㅅㅇ,특정의 차량 봐 주세요,teacher_generator,0,review,
dev,positioning,ㅍㅈㄴㄹㅈ,편지 날려줘,teacher_generator,0,review,
dev,positioning,ㅍㅈㄴㄹㅈ,편지 눌러줘,teacher_generator,0,review,
dev,positioning,ㅍㅈㄴㄹㅈ,편지 내려줘,teacher_generator,0,review,
dev,positioning,ㅍㅈㄴㄹㅈ,편지 늘려줘,teacher_generator,0,review,
dev,positioning,ㅍㅈㄴㄹㅈ,편지 노려줘,teacher_generator,0,review,
dev,positioning,ㅍㅈㄴㄹㅈ,포장 눌러줘,teacher_generator,0,review,
dev,positioning,ㅍㅈㄴㄹㅈ,포장 내려줘,teacher_generator,0,review,
dev,positioning,ㅍㅈㄴㄹㅈ,포장 늘려줘,teacher_generator,0,review,
dev,positioning,ㅍㅈㄴㄹㅈ,표지 눌러줘,teacher_generator,0,review,
dev,positioning,ㅍㅈㄴㄹㅈ,표지 내려줘,teacher_generator,0,review,
dev,positioning,ㅍㅈㄴㄹㅈ,표지 늘려줘,teacher_generator,0,review,
dev,positioning,ㅍㅈㄴㄹㅈ,피자 눌러줘,teacher_generator,0,review,
dev,positioning,ㅍㅈㄴㄹㅈ,피자 내려줘,teacher_generator,0,review,
dev,positioning,ㅍㅈㄴㄹㅈ,평점 눌러줘,teacher_generator,0,review,
dev,positioning,ㅍㅈㄴㄹㅈ,평점 내려줘,teacher_generator,0,review,
dev,positioning,ㅍㅈㄴㄹㅈ,편집 눌러줘,teacher_generator,0,review,
train,positioning,ㅍㅈㅇㄹㅈ,피자 올려줘,teacher_generator,0,review,
train,positioning,ㅍㅈㅇㄹㅈ,피자 알려줘,teacher_generator,0,review,
train,positioning,ㅍㅈㅇㄹㅈ,피자 오려줘,teacher_generator,0,review,
train,positioning,ㅍㅈㅇㄹㅈ,포장 올려줘,teacher_generator,0,review,
train,positioning,ㅍㅈㅇㄹㅈ,포장 알려줘,teacher_generator,0,review,
train,positioning,ㅍㅈㅇㄹㅈ,포장 오려줘,teacher_generator,0,review,
train,positioning,ㅍㅈㅇㄹㅈ,품질 올려줘,teacher_generator,0,review,
train,positioning,ㅍㅈㅇㄹㅈ,품질 알려줘,teacher_generator,0,review,
train,positioning,ㅍㅈㅇㄹㅈ,표지 알려줘,teacher_generator,0,review,
train,positioning,ㅍㅈㅇㄹㅈ,표지 올려줘,teacher_generator,0,review,
train,positioning,ㅍㅈㅇㄹㅈ,편지 알려줘,teacher_generator,0,review,
train,positioning,ㅍㅈㅇㄹㅈ,편지 올려줘,teacher_generator,0,review,
train,positioning,ㅍㅈㅇㄹㅈ,파전 올려줘,teacher_generator,0,review,
train,positioning,ㅍㅈㅇㄹㅈ,파전 알려줘,teacher_generator,0,review,
train,positioning,ㅍㅈㅇㄹㅈ,폭죽 올려줘,teacher_generator,0,review,
train,positioning,ㅍㅈㅇㄹㅈ,피자 오래죠,teacher_generator,0,review,
train,pain_discomfort,ㅎㄹㄱㄴㅁㅇㅍ,하루가 너무 아파,teacher_generator,0,review,
train,pain_discomfort,ㅎㄹㄱㄴㅁㅇㅍ,하루가 나만 아파,teacher_generator,0,review,
train,pain_discomfort,ㅎㄹㄱㄴㅁㅇㅍ,하루가 내 맘 아파,teacher_generator,0,review,
train,pain_discomfort,ㅎㄹㄱㄴㅁㅇㅍ,하루가 나면 아파,teacher_generator,0,review,
train,pain_discomfort,ㅎㄹㄱㄴㅁㅇㅍ,허리가 나면 아파,teacher_generator,0,review,
train,pain_discomfort,ㅎㄹㄱㄴㅁㅇㅍ,허리가 나만 아파,teacher_generator,0,review,
train,pain_discomfort,ㅎㄹㄱㄴㅁㅇㅍ,허리가 내 맘 아파,teacher_generator,0,review,
train,pain_discomfort,ㅎㄹㄱㄴㅁㅇㅍ,하루가 늘 맘 아파,teacher_generator,0,review,
train,pain_discomfort,ㅎㄹㄱㅃㄱㅎ,허리가 뻐근함,teacher_generator,0,review,
train,pain_discomfort,ㅎㄹㄱㅃㄱㅎ,허리가 뻐근하,teacher_generator,0,review,
train,pain_discomfort,ㅎㄹㄱㅃㄱㅎ,허리가 뻐근허,teacher_generator,0,review,
train,pain_discomfort,ㅎㄹㄱㅃㄱㅎ,하루가 빨간 해,teacher_generator,0,review,
train,pain_discomfort,ㅎㄹㄱㅃㄱㅎ,흘러가 빨간 해,teacher_generator,0,review,
train,positioning,ㅎㄹㄹㅂㅊㅈ,"하루를 봐, 찾자",teacher_generator,0,review,
train,positioning,ㅎㄹㄹㅂㅊㅈ,"하루를 봐, 치자",teacher_generator,0,review,
train,positioning,ㅎㄹㄹㅂㅊㅈ,"호러를 봐, 찾자",teacher_generator,0,review,
train,positioning,ㅎㄹㄹㅂㅊㅈ,"호러를 봐, 치자",teacher_generator,0,review,
train,positioning,ㅎㄹㄹㅂㅊㅈ,"흘러라, 봄 찾자",teacher_generator,0,review,
train,positioning,ㅎㄹㄹㅂㅊㅈ,"흘러라, 별 찾자",teacher_generator,0,review,
train,positioning,ㅎㄹㄹㅂㅊㅈ,"흘러라, 빛 찾자",teacher_generator,0,review,
train,positioning,ㅎㄹㄹㅂㅊㅈ,"흘러라, 벌 찾자",teacher_generator,0,review,
dev,medical_communication,ㅎㅇㄷㅅㅈㅈㅅㅇ,해외 도서 지정 승인,teacher_generator,0,review,
train,medical_communication,ㅎㅇㅎㅂㅎㅈㅅㅇ,회의 한 번 해 주세요,teacher_generator,0,review,
train,medical_communication,ㅎㅇㅎㅂㅎㅈㅅㅇ,회원 한 번 해 주세요,teacher_generator,0,review,
train,medical_communication,ㅎㅇㅎㅂㅎㅈㅅㅇ,후원 한 번 해 주세요,teacher_generator,0,review,
train,medical_communication,ㅎㅇㅎㅂㅎㅈㅅㅇ,환영 한 번 해 주세요,teacher_generator,0,review,
train,medical_communication,ㅎㅇㅎㅂㅎㅈㅅㅇ,허용 한 번 해 주세요,teacher_generator,0,review,
train,medical_communication,ㅎㅇㅎㅂㅎㅈㅅㅇ,해외 한 번 해 주세요,teacher_generator,0,review,
train,medical_communication,ㅎㅇㅎㅂㅎㅈㅅㅇ,하얀 한 번 해 주세요,teacher_generator,0,review,
train,medical_communication,ㅎㅇㅎㅂㅎㅈㅅㅇ,호의 한 번 해 주세요,teacher_generator,0,review,
train,medical_communication,ㅎㅇㅎㅂㅎㅈㅅㅇ,호응 한 번 해 주세요,teacher_generator,0,review,
train,medical_communication,ㅎㅇㅎㅂㅎㅈㅅㅇ,해운 한 번 해 주세요,teacher_generator,0,review,
train,medical_communication,ㅎㅇㅎㅂㅎㅈㅅㅇ,하이 한 번 해 주세요,teacher_generator,0,review,
train,medical_communication,ㅎㅇㅎㅂㅎㅈㅅㅇ,화원 한 번 해 주세요,teacher_generator,0,review,
train,medical_communication,ㅎㅇㅎㅂㅎㅈㅅㅇ,효율 한 번 해 주세요,teacher_generator,0,review,
train,medical_communication,ㅎㅇㅎㅂㅎㅈㅅㅇ,합의 한 번 해 주세요,teacher_generator,0,review,
train,medical_communication,ㅎㅇㅎㅂㅎㅈㅅㅇ,항의 한 번 해 주세요,teacher_generator,0,review,
train,medical_communication,ㅎㅇㅎㅂㅎㅈㅅㅇ,행운 한 번 해 주세요,teacher_generator,0,review,
train,medical_communication,ㅎㅎㅅㅌㅎㅇㅎㅈㅅㅇ,하하 상태 확인해주세요,teacher_generator,0,review,
train,medical_communication,ㅎㅎㅅㅌㅎㅇㅎㅈㅅㅇ,허허 상태 확인해주세요,teacher_generator,0,review,
train,medical_communication,ㅎㅎㅅㅌㅎㅇㅎㅈㅅㅇ,헤헤 상태 확인해주세요,teacher_generator,0,review,
train,medical_communication,ㅎㅎㅅㅌㅎㅇㅎㅈㅅㅇ,흠흠 상태 확인해주세요,teacher_generator,0,review,
train,medical_communication,ㅎㅎㅅㅌㅎㅇㅎㅈㅅㅇ,하하 식탁 확인해주세요,teacher_generator,0,review,
train,medical_communication,ㅎㅎㅅㅌㅎㅇㅎㅈㅅㅇ,허허 식탁 확인해주세요,teacher_generator,0,review,
train,medical_communication,ㅎㅎㅅㅌㅎㅇㅎㅈㅅㅇ,헤헤 식탁 확인해주세요,teacher_generator,0,review,
train,medical_communication,ㅎㅎㅅㅌㅎㅇㅎㅈㅅㅇ,흠흠 식탁 확인해주세요,teacher_generator,0,review,
train,medical_communication,ㅎㅎㅅㅌㅎㅇㅎㅈㅅㅇ,하하 실태 확인해주세요,teacher_generator,0,review,
train,medical_communication,ㅎㅎㅅㅌㅎㅇㅎㅈㅅㅇ,허허 실태 확인해주세요,teacher_generator,0,review,
train,medical_communication,ㅎㅎㅅㅌㅎㅇㅎㅈㅅㅇ,헤헤 실태 확인해주세요,teacher_generator,0,review,
train,medical_communication,ㅎㅎㅅㅌㅎㅇㅎㅈㅅㅇ,흠흠 실태 확인해주세요,teacher_generator,0,review,
train,medical_communication,ㅎㅎㅅㅌㅎㅇㅎㅈㅅㅇ,하하 선택 확인해주세요,teacher_generator,0,review,
train,medical_communication,ㅎㅎㅅㅌㅎㅇㅎㅈㅅㅇ,허허 선택 확인해주세요,teacher_generator,0,review,
train,medical_communication,ㅎㅎㅅㅌㅎㅇㅎㅈㅅㅇ,헤헤 선택 확인해주세요,teacher_generator,0,review,
train,medical_communication,ㅎㅎㅅㅌㅎㅇㅎㅈㅅㅇ,흠흠 선택 확인해주세요,teacher_generator,0,review,
train,ambiguity,ㅈㅈ,좋죠,teacher_generator,0,review,
train,ambiguity,ㅈㅈ,주죠,teacher_generator,0,review,
train,ambiguity,ㅈㅈ,저 좀,teacher_generator,0,review,
train,ambiguity,ㅈㅈ,줘줘,teacher_generator,0,review,
train,ambiguity,ㅈㅈ,진정,teacher_generator,0,review,
train,ambiguity,ㅈㅈ,점점,teacher_generator,0,review,
train,ambiguity,ㅈㅈ,종종,teacher_generator,0,review,
train,ambiguity,ㅈㅈ,직접,teacher_generator,0,review,
train,ambiguity,ㅈㅈ,잠잠,teacher_generator,0,review,
train,ambiguity,ㅈㅈ,장점,teacher_generator,0,review,
train,ambiguity,ㅈㅈ,조정,teacher_generator,0,review,
train,ambiguity,ㅈㅈ,지지,teacher_generator,0,review,
train,ambiguity,ㅈㅈ,주저,teacher_generator,0,review,
train,ambiguity,ㄱㅁㅇ,가만요,teacher_generator,0,review,
train,ambiguity,ㄱㅁㅇ,그 말은,teacher_generator,0,review,
train,ambiguity,ㄱㅁㅇ,그만 와,teacher_generator,0,review,
train,ambiguity,ㄱㅁㅇ,가면요,teacher_generator,0,review,
train,ambiguity,ㄱㅁㅇ,그 뭐야,teacher_generator,0,review,
train,ambiguity,ㄱㅁㅇ,가 뭐야,teacher_generator,0,review,
train,ambiguity,ㄱㅁㅇ,그 맛이,teacher_generator,0,review,
train,ambiguity,ㄱㅁㅇ,그 모양,teacher_generator,0,review,
train,ambiguity,ㄱㅁㅇ,고민이,teacher_generator,0,review,
train,ambiguity,ㄷㅇ,동의,teacher_generator,0,review,
train,ambiguity,ㄷㅇ,당연,teacher_generator,0,review,
train,ambiguity,ㄷㅇ,대안,teacher_generator,0,review,
train,ambiguity,ㄷㅇ,도움,teacher_generator,0,review,
train,ambiguity,ㄷㅇ,대응,teacher_generator,0,review,
train,ambiguity,ㄷㅇ,동일,teacher_generator,0,review,
train,ambiguity,ㄷㅇ,돼요,teacher_generator,0,review,
train,ambiguity,ㄷㅇ,됐어,teacher_generator,0,review,
train,ambiguity,ㄷㅇ,두유,teacher_generator,0,review,
train,ambiguity,ㄷㅇ,되어,teacher_generator,0,review,
train,ambiguity,ㄷㅇ,대요,teacher_generator,0,review,
train,ambiguity,ㅁㅇ,많이,teacher_generator,0,review,
train,ambiguity,ㅁㅇ,먹어,teacher_generator,0,review,
train,ambiguity,ㅁㅇ,마음,teacher_generator,0,review,
train,ambiguity,ㅁㅇ,말이,teacher_generator,0,review,
train,ambiguity,ㅁㅇ,모임,teacher_generator,0,review,
train,ambiguity,ㅁㅇ,만원,teacher_generator,0,review,
train,ambiguity,ㅁㅇ,매일,teacher_generator,0,review,
train,ambiguity,ㅁㅇ,매운,teacher_generator,0,review,
train,ambiguity,ㅁㅇ,미워,teacher_generator,0,review,
train,ambiguity,ㅁㅇ,무엇,teacher_generator,0,review,
train,ambiguity,ㅁㅇ,뭐요,teacher_generator,0,review,
train,ambiguity,ㅁㅇ,마요,teacher_generator,0,review,
train,ambiguity,ㅁㅇ,모양,teacher_generator,0,review,
train,ambiguity,ㅅㅇ,식어,teacher_generator,0,review,
train,ambiguity,ㅅㅇ,세요,teacher_generator,0,review,
train,ambiguity,ㅅㅇ,수요,teacher_generator,0,review,
train,ambiguity,ㅅㅇ,소요,teacher_generator,0,review,
train,ambiguity,ㅅㅇ,소음,teacher_generator,0,review,
train,ambiguity,ㅅㅇ,소원,teacher_generator,0,review,
train,ambiguity,ㅅㅇ,시원,teacher_generator,0,review,
train,ambiguity,ㅅㅇ,수영,teacher_generator,0,review,
train,ambiguity,ㅅㅇ,서울,teacher_generator,0,review,
train,ambiguity,ㅅㅇ,성인,teacher_generator,0,review,
train,ambiguity,ㅅㅇ,상영,teacher_generator,0,review,
train,ambiguity,ㅅㅇ,송이,teacher_generator,0,review,
train,ambiguity,ㅅㅇ,시인,teacher_generator,0,review,
dev,ambiguity,ㅇㄴ,아냐,teacher_generator,0,review,
dev,ambiguity,ㅇㄴ,어느,teacher_generator,0,review,
dev,ambiguity,ㅇㄴ,왜냐,teacher_generator,0,review,
dev,ambiguity,ㅇㄴ,왔니,teacher_generator,0,review,
dev,ambiguity,ㅇㄴ,있냐,teacher_generator,0,review,
dev,ambiguity,ㅇㄴ,없냐,teacher_generator,0,review,
dev,ambiguity,ㅇㄴ,웃네,teacher_generator,0,review,
dev,ambiguity,ㅇㄴ,옳네,teacher_generator,0,review,
dev,ambiguity,ㅇㄴ,이내,teacher_generator,0,review,
dev,ambiguity,ㅇㄴ,인내,teacher_generator,0,review,
dev,ambiguity,ㅇㄴ,유념,teacher_generator,0,review,
train,ambiguity,ㄷㅇㅈ,달아줘,teacher_generator,0,review,
train,ambiguity,ㄷㅇㅈ,담아줘,teacher_generator,0,review,
train,ambiguity,ㄷㅇㅈ,닫아줘,teacher_generator,0,review,
train,ambiguity,ㄷㅇㅈ,닦아줘,teacher_generator,0,review,
train,ambiguity,ㄷㅇㅈ,덜어줘,teacher_generator,0,review,
train,ambiguity,ㄷㅇㅈ,다 알죠,teacher_generator,0,review,
train,ambiguity,ㄷㅇㅈ,다 있죠,teacher_generator,0,review,
train,ambiguity,ㄷㅇㅈ,다 왔죠,teacher_generator,0,review,
train,ambiguity,ㄷㅇㅈ,다 오죠,teacher_generator,0,review,
train,ambiguity,ㄷㅇㅈ,돈 없죠,teacher_generator,0,review,
train,ambiguity,ㄷㅇㅈ,동의죠,teacher_generator,0,review,
train,ambiguity,ㄷㅇㅈ,답이죠,teacher_generator,0,review,
train,ambiguity,ㅂㅈ,비자,teacher_generator,0,review,
train,ambiguity,ㅂㅈ,반장,teacher_generator,0,review,
train,ambiguity,ㅂㅈ,부장,teacher_generator,0,review,
train,ambiguity,ㅂㅈ,병장,teacher_generator,0,review,
train,ambiguity,ㅂㅈ,분장,teacher_generator,0,review,
train,ambiguity,ㅂㅈ,변장,teacher_generator,0,review,
train,ambiguity,ㅂㅈ,방지,teacher_generator,0,review,
train,ambiguity,ㅂㅈ,보장,teacher_generator,0,review,
train,ambiguity,ㅂㅈ,발전,teacher_generator,0,review,
train,ambiguity,ㅂㅈ,비전,teacher_generator,0,review,
train,ambiguity,ㅂㅈ,부족,teacher_generator,0,review,
dev,ambiguity,ㅈㅇ,잡아,teacher_generator,0,review,
dev,ambiguity,ㅈㅇ,적어,teacher_generator,0,review,
dev,ambiguity,ㅈㅇ,접어,teacher_generator,0,review,
dev,ambiguity,ㅈㅇ,줄여,teacher_generator,0,review,
dev,ambiguity,ㅈㅇ,재워,teacher_generator,0,review,
dev,ambiguity,ㅈㅇ,지어,teacher_generator,0,review,
dev,ambiguity,ㅈㅇ,집에,teacher_generator,0,review,
dev,ambiguity,ㅈㅇ,잠옷,teacher_generator,0,review,
dev,ambiguity,ㅈㅇ,제일,teacher_generator,0,review,
dev,ambiguity,ㅈㅇ,전원,teacher_generator,0,review,
train,ambiguity,ㅁㅈ,뭐죠,teacher_generator,0,review,
train,ambiguity,ㅁㅈ,맞죠,teacher_generator,0,review,
train,ambiguity,ㅁㅈ,매주,teacher_generator,0,review,
train,ambiguity,ㅁㅈ,멋져,teacher_generator,0,review,
train,ambiguity,ㅁㅈ,마중,teacher_generator,0,review,
train,ambiguity,ㅁㅈ,무죄,teacher_generator,0,review,
train,ambiguity,ㅁㅈ,명절,teacher_generator,0,review,
train,ambiguity,ㅁㅈ,마저,teacher_generator,0,review,
train,ambiguity,ㅁㅈ,말 좀,teacher_generator,0,review,
train,ambiguity,ㅁㅈ,문 좀,teacher_generator,0,review,
dev,questions_answers,ㄱㄱㅇㄴㄱㄱㅇ,그거 언니가 가요,teacher_generator,0,review,
dev,questions_answers,ㄱㄱㅇㄴㄱㄱㅇ,그게 언니가 가요,teacher_generator,0,review,
dev,questions_answers,ㄱㄱㅇㄴㄱㄱㅇ,그건 언니가 가요,teacher_generator,0,review,
dev,questions_answers,ㄱㄱㅇㄴㄱㄱㅇ,그곳 언니가 가요,teacher_generator,0,review,
dev,questions_answers,ㄱㄱㅇㄴㄱㄱㅇ,그걸 언니가 가요,teacher_generator,0,review,
dev,questions_answers,ㄱㄱㅇㄴㄱㄱㅇ,거기 언니가 가요,teacher_generator,0,review,
dev,questions_answers,ㄱㄱㅇㄴㄱㄱㅇ,가게 언니가 가요,teacher_generator,0,review,
dev,questions_answers,ㄱㄱㅇㄴㄱㄱㅇ,그거 어느 가 가요,teacher_generator,0,review,
dev,questions_answers,ㄱㄱㅇㄴㄱㄱㅇ,그게 어느 가 가요,teacher_generator,0,review,
dev,questions_answers,ㄱㄱㅇㄴㄱㄱㅇ,그건 어느 가 가요,teacher_generator,0,review,
dev,questions_answers,ㄱㄱㅇㄴㄱㄱㅇ,그곳 어느 가 가요,teacher_generator,0,review,
dev,questions_answers,ㄱㄱㅇㄴㄱㄱㅇ,거기 어느 가 가요,teacher_generator,0,review,
dev,questions_answers,ㄱㄱㅇㄴㄱㄱㅇ,가게 오늘 가고 와,teacher_generator,0,review,
dev,questions_answers,ㄱㄱㅇㄴㄱㄱㅇ,그거 오늘 가고 와,teacher_generator,0,review,
dev,questions_answers,ㄱㄱㅇㄴㄱㄱㅇ,그게 오늘 가고 와,teacher_generator,0,review,
dev,basic_request,ㄱㄲㅇㅇㅈ,그 꽃이 있죠,teacher_generator,0,review,
dev,basic_request,ㄱㄲㅇㅇㅈ,그 꽃은 있죠,teacher_generator,0,review,
dev,basic_request,ㄱㄲㅇㅇㅈ,그 꿈이 있죠,teacher_generator,0,review,
dev,basic_request,ㄱㄲㅇㅇㅈ,그 꿈은 있죠,teacher_generator,0,review,
dev,basic_request,ㄱㄲㅇㅇㅈ,그 꿈을 알죠,teacher_generator,0,review,
dev,basic_request,ㄱㄲㅇㅇㅈ,그 꿈을 얻죠,teacher_generator,0,review,
dev,basic_request,ㄱㄲㅇㅇㅈ,그 끝이 있죠,teacher_generator,0,review,
dev,basic_request,ㄱㄲㅇㅇㅈ,그 끝은 있죠,teacher_generator,0,review,
dev,basic_request,ㄱㄲㅇㅇㅈ,그 끝을 알죠,teacher_generator,0,review,
train,food_drink,ㄱㄷㅈ,그다지,teacher_generator,0,review,
train,food_drink,ㄱㄷㅈ,그 돈 줘,teacher_generator,0,review,
train,food_drink,ㄱㄷㅈ,김도 줘,teacher_generator,0,review,
train,food_drink,ㄱㄷㅈ,구두 줘,teacher_generator,0,review,
train,food_drink,ㄱㄷㅈ,귤도 줘,teacher_generator,0,review,
train,food_drink,ㄱㄷㅈ,국도 줘,teacher_generator,0,review,
train,food_drink,ㄱㄷㅈ,개도 줘,teacher_generator,0,review,
train,food_drink,ㄱㄷㅈ,견뎌줘,teacher_generator,0,review,
train,food_drink,ㄱㄷㅈ,가든지,teacher_generator,0,review,
train,food_drink,ㄱㄷㅈ,가던지,teacher_generator,0,review,
train,food_drink,ㄱㄷㅈ,곧 되죠,teacher_generator,0,review,
train,food_drink,ㄱㄷㅈ,고되죠,teacher_generator,0,review,
train,food_drink,ㄱㄷㅈ,교대죠,teacher_generator,0,review,
train,food_drink,ㄱㄷㅈ,그대죠,teacher_generator,0,review,
train,food_drink,ㄱㄷㅈ,구독자,teacher_generator,0,review,
train,emotion_needs,ㄱㅂㅇㅈㄴㅇㅈㅇ,그분이 좀 나와 줘요,teacher_generator,0,review,
train,emotion_needs,ㄱㅂㅇㅈㄴㅇㅈㅇ,그분은 좀 나와 줘요,teacher_generator,0,review,
train,emotion_needs,ㄱㅂㅇㅈㄴㅇㅈㅇ,그분이 좀 넣어 줘요,teacher_generator,0,review,
train,emotion_needs,ㄱㅂㅇㅈㄴㅇㅈㅇ,그분은 좀 넣어 줘요,teacher_generator,0,review,
train,emotion_needs,ㄱㅂㅇㅈㄴㅇㅈㅇ,그분을 좀 넣어 줘요,teacher_generator,0,review,
train,emotion_needs,ㄱㅂㅇㅈㄴㅇㅈㅇ,그분이 좀 나아져요,teacher_generator,0,review,
train,emotion_needs,ㄱㅂㅇㅈㄴㅇㅈㅇ,그분은 좀 나아져요,teacher_generator,0,review,
train,emotion_needs,ㄱㅂㅇㅈㄴㅇㅈㅇ,기분이 좀 나아져요,teacher_generator,0,review,
train,emotion_needs,ㄱㅂㅇㅈㄴㅇㅈㅇ,기분은 좀 나아져요,teacher_generator,0,review,
train,emotion_needs,ㄱㅂㅇㅈㄴㅇㅈㅇ,가방에 좀 넣어 줘요,teacher_generator,0,review,
train,emotion_needs,ㄱㅂㅇㅈㄴㅇㅈㅇ,가방을 좀 넣어 줘요,teacher_generator,0,review,
train,emotion_needs,ㄱㅂㅇㅈㄴㅇㅈㅇ,가방은 좀 넣어 줘요,teacher_generator,0,review,
train,emotion_needs,ㄱㅂㅇㅈㄴㅇㅈㅇ,가방이 좀 나와 줘요,teacher_generator,0,review,
train,emotion_needs,ㄱㅂㅇㅈㄴㅇㅈㅇ,거북이 좀 나와 줘요,teacher_generator,0,review,
train,emotion_needs,ㄱㅂㅇㅈㄴㅇㅈㅇ,거북은 좀 나와 줘요,teacher_generator,0,review,
train,emotion_needs,ㄱㅂㅇㅈㄴㅇㅈㅇ,거북이 좀 넣어 줘요,teacher_generator,0,review,
train,questions_answers,ㄱㅇㅇㅇㄴ,기억은 안 나,teacher_generator,0,review,
train,questions_answers,ㄱㅇㅇㅇㄴ,기억이 없나,teacher_generator,0,review,
train,questions_answers,ㄱㅇㅇㅇㄴ,거울이 있나,teacher_generator,0,review,
train,questions_answers,ㄱㅇㅇㅇㄴ,공원에 오나,teacher_generator,0,review,
train,questions_answers,ㄱㅇㅇㅇㄴ,그 옷은 없나,teacher_generator,0,review,
train,questions_answers,ㄱㅇㅇㅇㄴ,그 약은 없나,teacher_generator,0,review,
train,questions_answers,ㄱㅇㅇㅇㄴ,그 일은 없나,teacher_generator,0,review,
train,questions_answers,ㄱㅇㅇㅇㄴ,그 위에 있나,teacher_generator,0,review,
train,questions_answers,ㄱㅇㅇㅇㄴ,그 안에 있나,teacher_generator,0,review,
train,questions_answers,ㄱㅇㅇㅇㄴ,거의 안 오나,teacher_generator,0,review,
train,questions_answers,ㄱㅇㅇㅇㄴ,게임이었나,teacher_generator,0,review,
train,questions_answers,ㄱㅇㅇㅇㄴ,가입이었나,teacher_generator,0,review,
train,questions_answers,ㄱㅇㅇㅇㄴ,과일이었나,teacher_generator,0,review,
train,questions_answers,ㄱㅇㅇㅇㄴ,그 아이였나,teacher_generator,0,review,
train,questions_answers,ㄱㅇㅇㅇㄴ,공연이었나,teacher_generator,0,review,
dev,social,ㄱㅇㅇㅇㅈ,그 일은 어제,teacher_generator,0,review,
dev,social,ㄱㅇㅇㅇㅈ,그 안에 있죠,teacher_generator,0,review,
dev,social,ㄱㅇㅇㅇㅈ,그 안에 없죠,teacher_generator,0,review,
dev,social,ㄱㅇㅇㅇㅈ,그 안은 없죠,teacher_generator,0,review,
dev,social,ㄱㅇㅇㅇㅈ,거울이 없죠,teacher_generator,0,review,
dev,social,ㄱㅇㅇㅇㅈ,게임이 없죠,teacher_generator,0,review,
dev,social,ㄱㅇㅇㅇㅈ,공원이 없죠,teacher_generator,0,review,
dev,social,ㄱㅇㅇㅇㅈ,기억이 없죠,teacher_generator,0,review,
dev,social,ㄱㅇㅇㅇㅈ,기억이 있죠,teacher_generator,0,review,
dev,social,ㄱㅇㅇㅇㅈ,그 일이 있죠,teacher_generator,0,review,
dev,social,ㄱㅇㅇㅇㅈ,그 일이 없죠,teacher_generator,0,review,
dev,social,ㄱㅇㅇㅇㅈ,그 원인이죠,teacher_generator,0,review,
dev,food_drink,ㄱㅇㅈㅈ,그 약 좀 줘,teacher_generator,0,review,
dev,food_drink,ㄱㅇㅈㅈ,그 약 주죠,teacher_generator,0,review,
dev,food_drink,ㄱㅇㅈㅈ,그 약 주자,teacher_generator,0,review,
dev,food_drink,ㄱㅇㅈㅈ,그 옷 좀 줘,teacher_generator,0,review,
dev,food_drink,ㄱㅇㅈㅈ,그 옷 주죠,teacher_generator,0,review,
dev,food_drink,ㄱㅇㅈㅈ,공원 좀 줘,teacher_generator,0,review,
dev,food_drink,ㄱㅇㅈㅈ,그 연장 줘,teacher_generator,0,review,
dev,food_drink,ㄱㅇㅈㅈ,그 의자 줘,teacher_generator,0,review,
dev,food_drink,ㄱㅇㅈㅈ,그 양 좀 줘,teacher_generator,0,review,
dev,food_drink,ㄱㅇㅈㅈ,기운 좀 줘,teacher_generator,0,review,
dev,food_drink,ㄱㅇㅈㅈ,그 옆 좀 줘,teacher_generator,0,review,
dev,food_drink,ㄱㅇㅈㅈ,그 일 좀 줘,teacher_generator,0,review,
dev,food_drink,ㄱㅇㅈㅈ,김영자죠,teacher_generator,0,review,
dev,food_drink,ㄱㅇㅈㅈ,김영주죠,teacher_generator,0,review,
dev,food_drink,ㄱㅇㅈㅈ,김연주죠,teacher_generator,0,review,
dev,food_drink,ㄱㅇㅈㅈ,그 여자죠,teacher_generator,0,review,
train,emotion_needs,ㄱㅈㅇㅁㅇㄷ,가져와 먹어둬,teacher_generator,0,review,
train,emotion_needs,ㄱㅈㅇㅁㅇㄷ,가져와 묶어둬,teacher_generator,0,review,
train,emotion_needs,ㄱㅈㅇㅁㅇㄷ,가져와 모아둬,teacher_generator,0,review,
train,emotion_needs,ㄱㅈㅇㅁㅇㄷ,가져와 밀어둬,teacher_generator,0,review,
train,emotion_needs,ㄱㅈㅇㅁㅇㄷ,가져와 묻어둬,teacher_generator,0,review,
train,emotion_needs,ㄱㅈㅇㅁㅇㄷ,가져와 맡아둬,teacher_generator,0,review,
train,emotion_needs,ㄱㅈㅇㅁㅇㄷ,가져와 메워둬,teacher_generator,0,review,
train,emotion_needs,ㄱㅈㅇㅁㅇㄷ,가져와 매어둬,teacher_generator,0,review,
train,emotion_needs,ㄱㅈㅇㅁㅇㄷ,가져와 말아둬,teacher_generator,0,review,
train,emotion_needs,ㄱㅈㅇㅁㅇㄷ,가져와 먹어도,teacher_generator,0,review,
train,emotion_needs,ㄱㅈㅇㅁㅇㄷ,그저 이 말이다,teacher_generator,0,review,
train,emotion_needs,ㄱㅈㅇㅁㅇㄷ,그저 이 맛이다,teacher_generator,0,review,
train,emotion_needs,ㄱㅈㅇㅁㅇㄷ,그저 이 몫이다,teacher_generator,0,review,
train,emotion_needs,ㄴㄱㄱㄱㅇㅇㅇㅇㅁㅈㄱㅇ,"내가 그거 안에 있어, 문제 같아",teacher_generator,0,review,
train,emotion_needs,ㄴㄱㄱㄱㅇㅇㅇㅇㅁㅈㄱㅇ,"내가 그거 앞에 있어, 문제 같아",teacher_generator,0,review,
train,emotion_needs,ㄴㄱㄱㄱㅇㅇㅇㅇㅁㅈㄱㅇ,"내가 그거 옆에 있어, 문제 같아",teacher_generator,0,review,
train,emotion_needs,ㄴㄱㄱㄱㅇㅇㅇㅇㅁㅈㄱㅇ,"내가 그거 위에 있어, 문제 같아",teacher_generator,0,review,
train,emotion_needs,ㄴㄱㄱㄱㅇㅇㅇㅇㅁㅈㄱㅇ,"내가 그거 아예 없어, 문제 같아",teacher_generator,0,review,
train,emotion_needs,ㄴㄱㄱㄱㅇㅇㅇㅇㅁㅈㄱㅇ,"내가 그거 아예 있어, 문제 같아",teacher_generator,0,review,
train,emotion_needs,ㄴㄱㄱㄱㅇㅇㅇㅇㅁㅈㄱㅇ,"내가 그거 안에 있어, 문제 같음",teacher_generator,0,review,
train,emotion_needs,ㄴㄱㄱㄱㅇㅇㅇㅇㅁㅈㄱㅇ,"내가 그거 앞에 있어, 문제 같음",teacher_generator,0,review,
train,emotion_needs,ㄴㄱㄱㄱㅇㅇㅇㅇㅁㅈㄱㅇ,"내가 그거 옆에 있어, 문제 같음",teacher_generator,0,review,
train,emotion_needs,ㄴㄱㄱㄱㅇㅇㅇㅇㅁㅈㄱㅇ,"내가 그거 위에 있어, 문제 같음",teacher_generator,0,review,
train,emotion_needs,ㄴㄱㄱㄱㅇㅇㅇㅇㅁㅈㄱㅇ,"네가 그거 안에 있어, 문제 같아",teacher_generator,0,review,
train,emotion_needs,ㄴㄱㄱㄱㅇㅇㅇㅇㅁㅈㄱㅇ,"네가 그거 앞에 있어, 문제 같아",teacher_generator,0,review,
train,emotion_needs,ㄴㄱㄱㄱㅇㅇㅇㅇㅁㅈㄱㅇ,"누가 그거 안에 있어, 문제 같아",teacher_generator,0,review,
train,emotion_needs,ㄴㄱㄱㄱㅇㅇㅇㅇㅁㅈㄱㅇ,"누가 그거 앞에 있어, 문제 같아",teacher_generator,0,review,
train,questions_answers,ㄴㄱㄱㅈㄱㅇ,내가 그 집 가요,teacher_generator,0,review,
train,questions_answers,ㄴㄱㄱㅈㄱㅇ,내가 그저 가요,teacher_generator,0,review,
train,questions_answers,ㄴㄱㄱㅈㄱㅇ,네가 그 집 가요,teacher_generator,0,review,
train,questions_answers,ㄴㄱㄱㅈㄱㅇ,네가 그저 가요,teacher_generator,0,review,
train,questions_answers,ㄴㄱㄱㅈㄱㅇ,누가 그 집 가요,teacher_generator,0,review,
train,questions_answers,ㄴㄱㄱㅈㄱㅇ,누가 그저 가요,teacher_generator,0,review,
train,questions_answers,ㄴㄱㄱㅈㄱㅇ,니가 그 집 가요,teacher_generator,0,review,
train,questions_answers,ㄴㄱㄱㅈㄱㅇ,니가 그저 가요,teacher_generator,0,review,
train,communication_control,ㄴㄱㄲㄲㅈㅁㅎㄱ,내가 깔끔 질문할게,teacher_generator,0,review,
train,communication_control,ㄴㄱㄲㄲㅈㅁㅎㄱ,내가 깔끔 주문할게,teacher_generator,0,review,
train,communication_control,ㄴㄱㄲㄲㅈㅁㅎㄱ,내가 깔끔 자막할게,teacher_generator,0,review,
train,communication_control,ㄴㄱㄲㄲㅈㅁㅎㄱ,내가 깔끔 조명할게,teacher_generator,0,review,
train,communication_control,ㄴㄱㄲㄲㅈㅁㅎㄱ,내가 깨끗 질문할게,teacher_generator,0,review,
train,communication_control,ㄴㄱㄲㄲㅈㅁㅎㄱ,내가 깨끗 주문할게,teacher_generator,0,review,
train,communication_control,ㄴㄱㄲㄲㅈㅁㅎㄱ,내가 깨끗 자막할게,teacher_generator,0,review,
train,communication_control,ㄴㄱㄲㄲㅈㅁㅎㄱ,내가 깨끗 조명할게,teacher_generator,0,review,
train,communication_control,ㄴㄱㄲㄲㅈㅁㅎㄱ,내가 꽉꽉 질문할게,teacher_generator,0,review,
train,communication_control,ㄴㄱㄲㄲㅈㅁㅎㄱ,내가 꽉꽉 주문할게,teacher_generator,0,review,
train,communication_control,ㄴㄱㄲㄲㅈㅁㅎㄱ,내가 꽉꽉 자막할게,teacher_generator,0,review,
train,communication_control,ㄴㄱㄲㄲㅈㅁㅎㄱ,내가 꽉꽉 조명할게,teacher_generator,0,review,
train,communication_control,ㄴㄱㄲㄲㅈㅁㅎㄱ,네가 깔끔 질문할게,teacher_generator,0,review,
train,communication_control,ㄴㄱㄲㄲㅈㅁㅎㄱ,네가 깔끔 주문할게,teacher_generator,0,review,
train,communication_control,ㄴㄱㄲㄲㅈㅁㅎㄱ,네가 깨끗 질문할게,teacher_generator,0,review,
train,communication_control,ㄴㄱㄲㄲㅈㅁㅎㄱ,네가 깨끗 주문할게,teacher_generator,0,review,
train,questions_answers,ㄴㄱㅇㅈㅇㄹㅈ,내가 이제 알려줘,teacher_generator,0,review,
train,questions_answers,ㄴㄱㅇㅈㅇㄹㅈ,네가 이제 알려줘,teacher_generator,0,review,
train,questions_answers,ㄴㄱㅇㅈㅇㄹㅈ,누가 이제 알려줘,teacher_generator,0,review,
train,questions_answers,ㄴㄱㅇㅈㅇㄹㅈ,내게 이제 알려줘,teacher_generator,0,review,
train,questions_answers,ㄴㄱㅇㅈㅇㄹㅈ,내가 이젠 알려줘,teacher_generator,0,review,
train,questions_answers,ㄴㄱㅇㅈㅇㄹㅈ,네가 이젠 알려줘,teacher_generator,0,review,
train,questions_answers,ㄴㄱㅇㅈㅇㄹㅈ,누가 이젠 알려줘,teacher_generator,0,review,
train,questions_answers,ㄴㄱㅇㅈㅇㄹㅈ,내게 이젠 알려줘,teacher_generator,0,review,
train,questions_answers,ㄴㄱㅇㅈㅇㄹㅈ,내가 언제 알려줘,teacher_generator,0,review,
train,questions_answers,ㄴㄱㅇㅈㅇㄹㅈ,네가 언제 알려줘,teacher_generator,0,review,
train,questions_answers,ㄴㄱㅇㅈㅇㄹㅈ,누가 언제 알려줘,teacher_generator,0,review,
train,questions_answers,ㄴㄱㅇㅈㅇㄹㅈ,내게 언제 알려줘,teacher_generator,0,review,
train,social,ㄴㄱㅊㅇ,내가 찾아,teacher_generator,0,review,
train,social,ㄴㄱㅊㅇ,내가 치워,teacher_generator,0,review,
train,social,ㄴㄱㅊㅇ,내가 참아,teacher_generator,0,review,
train,social,ㄴㄱㅊㅇ,내가 참여,teacher_generator,0,review,
train,social,ㄴㄱㅊㅇ,내가 출연,teacher_generator,0,review,
train,social,ㄴㄱㅊㅇ,내가 책임,teacher_generator,0,review,
train,social,ㄴㄱㅊㅇ,내가 청원,teacher_generator,0,review,
train,social,ㄴㄱㅊㅇ,내가 최악,teacher_generator,0,review,
train,social,ㄴㄱㅊㅇ,네가 찾아,teacher_generator,0,review,
train,social,ㄴㄱㅊㅇ,네가 치워,teacher_generator,0,review,
train,social,ㄴㄱㅊㅇ,네가 참아,teacher_generator,0,review,
train,social,ㄴㄱㅊㅇ,네가 참여,teacher_generator,0,review,
train,social,ㄴㄱㅊㅇ,네가 출연,teacher_generator,0,review,
train,social,ㄴㄱㅊㅇ,누가 찾아,teacher_generator,0,review,
train,social,ㄴㄱㅊㅇ,누가 치워,teacher_generator,0,review,
train,social,ㄴㄱㅊㅇ,누가 참여,teacher_generator,0,review,
dev,device_control,ㄴㄹㅁㅊㅈ,나랑 뭐 찾자,teacher_generator,0,review,
dev,device_control,ㄴㄹㅁㅊㅈ,나랑 뭐 찾지,teacher_generator,0,review,
dev,device_control,ㄴㄹㅁㅊㅈ,나랑 뭐 찾죠,teacher_generator,0,review,
dev,device_control,ㄴㄹㅁㅊㅈ,나랑 뭘 찾자,teacher_generator,0,review,
dev,device_control,ㄴㄹㅁㅊㅈ,나랑 뭘 찾지,teacher_generator,0,review,
dev,device_control,ㄴㄹㅁㅊㅈ,나랑 뭘 찾죠,teacher_generator,0,review,
dev,device_control,ㄴㄹㅁㅊㅈ,너랑 뭐 찾자,teacher_generator,0,review,
dev,device_control,ㄴㄹㅁㅊㅈ,너랑 뭐 찾지,teacher_generator,0,review,
dev,device_control,ㄴㄹㅁㅊㅈ,너랑 뭐 찾죠,teacher_generator,0,review,
dev,device_control,ㄴㄹㅁㅊㅈ,너랑 뭘 찾자,teacher_generator,0,review,
dev,device_control,ㄴㄹㅁㅊㅈ,너랑 뭘 찾지,teacher_generator,0,review,
dev,device_control,ㄴㄹㅁㅊㅈ,너랑 뭘 찾죠,teacher_generator,0,review,
dev,device_control,ㄴㄹㅁㅊㅈ,나랑 맞춰줘,teacher_generator,0,review,
dev,device_control,ㄴㄹㅁㅊㅈ,너랑 맞춰줘,teacher_generator,0,review,
dev,device_control,ㄴㄹㅁㅊㅈ,노래만 찾자,teacher_generator,0,review,
dev,device_control,ㄴㄹㅁㅊㅈ,너를 못 찾지,teacher_generator,0,review,
train,device_control,ㄴㄹㅈㅅㅎㅈ,노래 재생하자,teacher_generator,0,review,
train,device_control,ㄴㄹㅈㅅㅎㅈ,노래 재생하죠,teacher_generator,0,review,
train,device_control,ㄴㄹㅈㅅㅎㅈ,노래 재생하지,teacher_generator,0,review,
train,basic_request,ㄴㅁㄷㅇㅈ,너무 더워져,teacher_generator,0,review,
train,basic_request,ㄴㅁㄷㅇㅈ,나만 더워져,teacher_generator,0,review,
train,basic_request,ㄴㅁㄷㅇㅈ,내 말도 알지,teacher_generator,0,review,
train,basic_request,ㄴㅁㄷㅇㅈ,내 말도 알죠,teacher_generator,0,review,
train,basic_request,ㄴㅁㄷㅇㅈ,내 말도 있지,teacher_generator,0,review,
train,basic_request,ㄴㅁㄷㅇㅈ,내 말도 있죠,teacher_generator,0,review,
train,basic_request,ㄴㅁㄷㅇㅈ,내 물도 있지,teacher_generator,0,review,
train,basic_request,ㄴㅁㄷㅇㅈ,내 물도 있죠,teacher_generator,0,review,
train,basic_request,ㄴㅁㄷㅇㅈ,내 몫도 있지,teacher_generator,0,review,
train,basic_request,ㄴㅁㄷㅇㅈ,내 몫도 있죠,teacher_generator,0,review,
train,basic_request,ㄴㅁㄷㅇㅈ,눈물도 있지,teacher_generator,0,review,
train,basic_request,ㄴㅁㄷㅇㅈ,눈물도 있죠,teacher_generator,0,review,
train,basic_request,ㄴㅁㄷㅇㅈ,남매도 있지,teacher_generator,0,review,
train,basic_request,ㄴㅁㄷㅇㅈ,남매도 있죠,teacher_generator,0,review,
train,basic_request,ㄴㅁㄷㅇㅈ,나만 더 있죠,teacher_generator,0,review,
dev,communication_control,ㄴㅁㅇㄱㄷㄹㅈ,너무 이거 다르지,teacher_generator,0,review,
dev,communication_control,ㄴㅁㅇㄱㄷㄹㅈ,너무 이거 다르죠,teacher_generator,0,review,
dev,communication_control,ㄴㅁㅇㄱㄷㄹㅈ,너무 이게 다르지,teacher_generator,0,review,
dev,communication_control,ㄴㅁㅇㄱㄷㄹㅈ,너무 이게 다르죠,teacher_generator,0,review,
dev,communication_control,ㄴㅁㅇㄱㄷㄹㅈ,너무 이건 다르지,teacher_generator,0,review,
dev,communication_control,ㄴㅁㅇㄱㄷㄹㅈ,너무 이건 다르죠,teacher_generator,0,review,
dev,communication_control,ㄴㅁㅇㄱㄷㄹㅈ,너무 이걸 다르지,teacher_generator,0,review,
dev,communication_control,ㄴㅁㅇㄱㄷㄹㅈ,너무 이걸 다르죠,teacher_generator,0,review,
dev,communication_control,ㄴㅁㅇㄱㄷㄹㅈ,너무 이게 다를지,teacher_generator,0,review,
dev,communication_control,ㄴㅁㅇㄱㄷㄹㅈ,너무 이건 다를지,teacher_generator,0,review,
train,emotion_needs,ㄴㅁㅇㄹㅇ,너무 어려요,teacher_generator,0,review,
train,emotion_needs,ㄴㅁㅇㄹㅇ,너무 일러요,teacher_generator,0,review,
train,emotion_needs,ㄴㅁㅇㄹㅇ,너무 아려요,teacher_generator,0,review,
train,emotion_needs,ㄴㅁㅇㄹㅇ,너무 여려요,teacher_generator,0,review,
train,emotion_needs,ㄴㅁㅇㄹㅇ,너무 열려요,teacher_generator,0,review,
train,emotion_needs,ㄴㅁㅇㄹㅇ,너무 울려요,teacher_generator,0,review,
train,emotion_needs,ㄴㅁㅇㄹㅇ,너무 올려요,teacher_generator,0,review,
train,emotion_needs,ㄴㅁㅇㄹㅇ,너무 알려요,teacher_generator,0,review,
train,emotion_needs,ㄴㅁㅇㄹㅇ,너무 오려요,teacher_generator,0,review,
train,emotion_needs,ㄴㅁㅇㄹㅇ,너무 이래요,teacher_generator,0,review,
train,emotion_needs,ㄴㅁㅇㄹㅇ,나만 이래요,teacher_generator,0,review,
train,emotion_needs,ㄴㅁㅇㄹㅇ,나만 올려요,teacher_generator,0,review,
train,emotion_needs,ㄴㅁㅇㄹㅇ,나만 알려요,teacher_generator,0,review,
train,emotion_needs,ㄴㅁㅇㄹㅇ,나만 열려요,teacher_generator,0,review,
train,emotion_needs,ㄴㅁㅇㄹㅇ,나만 어려요,teacher_generator,0,review,
train,environment,ㄴㅂㅈㄲㅈ,난 불 좀 꺼줘,teacher_generator,0,review,
train,environment,ㄴㅂㅈㄲㅈ,너 불 좀 꺼줘,teacher_generator,0,review,
train,environment,ㄴㅂㅈㄲㅈ,내 불 좀 꺼줘,teacher_generator,0,review,
train,environment,ㄴㅂㅈㄲㅈ,내 빛 좀 꺼줘,teacher_generator,0,review,
train,environment,ㄴㅂㅈㄲㅈ,너 빛 좀 꺼줘,teacher_generator,0,review,
train,environment,ㄴㅂㅈㄲㅈ,내 밥 좀 꺼줘,teacher_generator,0,review,
train,environment,ㄴㅂㅈㄲㅈ,너 밥 좀 꺼줘,teacher_generator,0,review,
train,environment,ㄴㅂㅈㄲㅈ,난 밥 좀 꺼줘,teacher_generator,0,review,
train,environment,ㄴㅂㅈㄲㅈ,내 반지 껴줘,teacher_generator,0,review,
train,environment,ㄴㅂㅈㄲㅈ,너 반지 껴줘,teacher_generator,0,review,
train,environment,ㄴㅂㅈㄲㅈ,내 반지 끼죠,teacher_generator,0,review,
train,environment,ㄴㅂㅈㄲㅈ,너 반지 끼죠,teacher_generator,0,review,
train,environment,ㄴㅂㅈㄲㅈ,난 반지 끼죠,teacher_generator,0,review,
train,environment,ㄴㅂㅈㄲㅈ,내 밥 좀 꼭 줘,teacher_generator,0,review,
train,environment,ㄴㅂㅈㄲㅈ,너 밥 좀 꼭 줘,teacher_generator,0,review,
train,environment,ㄴㅂㅈㄲㅈ,내 빚 좀 깎죠,teacher_generator,0,review,
train,environment,ㄴㅂㅈㅋㅈ,나 불 좀 켜줘,teacher_generator,0,review,
train,environment,ㄴㅂㅈㅋㅈ,내 불 좀 켜줘,teacher_generator,0,review,
train,environment,ㄴㅂㅈㅋㅈ,너 불 좀 켜줘,teacher_generator,0,review,
train,environment,ㄴㅂㅈㅋㅈ,네 불 좀 켜줘,teacher_generator,0,review,
train,environment,ㄴㅂㅈㅋㅈ,난 불 좀 켜줘,teacher_generator,0,review,
train,environment,ㄴㅂㅈㅋㅈ,넌 불 좀 켜줘,teacher_generator,0,review,
train,environment,ㄴㅂㅈㅋㅈ,나 방 좀 켜줘,teacher_generator,0,review,
train,environment,ㄴㅂㅈㅋㅈ,내 방 좀 켜줘,teacher_generator,0,review,
train,environment,ㄴㅂㅈㅋㅈ,너 방 좀 켜줘,teacher_generator,0,review,
train,environment,ㄴㅂㅈㅋㅈ,네 방 좀 켜줘,teacher_generator,0,review,
train,environment,ㄴㅂㅈㅋㅈ,넌 방 좀 켜줘,teacher_generator,0,review,
dev,schedule_time,ㄴㅇㅇㅅㅇㅈ,나 오이 사 와 줘,teacher_generator,0,review,
dev,schedule_time,ㄴㅇㅇㅅㅇㅈ,너 우유 사 와 줘,teacher_generator,0,review,
dev,schedule_time,ㄴㅇㅇㅅㅇㅈ,내 오이 사 와 줘,teacher_generator,0,review,
dev,schedule_time,ㄴㅇㅇㅅㅇㅈ,네 오이 사 와 줘,teacher_generator,0,review,
dev,schedule_time,ㄴㅇㅇㅅㅇㅈ,나 아이 사 와 줘,teacher_generator,0,review,
dev,schedule_time,ㄴㅇㅇㅅㅇㅈ,너 아이 사 와 줘,teacher_generator,0,review,
dev,schedule_time,ㄴㅇㅇㅅㅇㅈ,내 우유 사 와 줘,teacher_generator,0,review,
dev,schedule_time,ㄴㅇㅇㅅㅇㅈ,네 우유 사 와 줘,teacher_generator,0,review,
dev,schedule_time,ㄴㅇㅇㅅㅇㅈ,나 오이 사 와 지,teacher_generator,0,review,
dev,schedule_time,ㄴㅇㅇㅅㅇㅈ,너 우유 사 와 지,teacher_generator,0,review,
dev,schedule_time,ㄴㅇㅇㅅㅇㅈ,내 오이 사 와 지,teacher_generator,0,review,
dev,schedule_time,ㄴㅇㅇㅅㅇㅈ,네 오이 사 와 지,teacher_generator,0,review,
dev,schedule_time,ㄴㅇㅇㅅㅇㅈ,나 오이 사 와 죠,teacher_generator,0,review,
dev,schedule_time,ㄴㅇㅇㅅㅇㅈ,너 우유 사 와 죠,teacher_generator,0,review,
dev,schedule_time,ㄴㅇㅇㅅㅇㅈ,내 오이 사 와 죠,teacher_generator,0,review,
dev,schedule_time,ㄴㅇㅇㅅㅇㅈ,네 오이 사 와 죠,teacher_generator,0,review,
dev,communication_control,ㄷㄹㅅㅌㅈㅂㅇㅈ,다른 선택 좀 보여줘,teacher_generator,0,review,
dev,communication_control,ㄷㄹㅅㅌㅈㅂㅇㅈ,다른 세트 좀 보여줘,teacher_generator,0,review,
dev,communication_control,ㄷㄹㅅㅌㅈㅂㅇㅈ,도로 상태 좀 보여줘,teacher_generator,0,review,
dev,communication_control,ㄷㄹㅅㅌㅈㅂㅇㅈ,드릴 세트 좀 보여줘,teacher_generator,0,review,
dev,communication_control,ㄷㄹㅅㅌㅈㅂㅇㅈ,다른 선택 좀 봐야죠,teacher_generator,0,review,
dev,communication_control,ㄷㄹㅅㅌㅈㅂㅇㅈ,다른 세트 좀 봐야죠,teacher_generator,0,review,
dev,communication_control,ㄷㄹㅅㅌㅈㅂㅇㅈ,도로 상태 좀 봐야죠,teacher_generator,0,review,
dev,communication_control,ㄷㄹㅅㅌㅈㅂㅇㅈ,드릴 세트 좀 봐야죠,teacher_generator,0,review,
dev,communication_control,ㄷㄹㅅㅌㅈㅂㅇㅈ,다른 선택 좀 받아줘,teacher_generator,0,review,
dev,communication_control,ㄷㄹㅅㅌㅈㅂㅇㅈ,다른 선택 좀 보아줘,teacher_generator,0,review,
dev,communication_control,ㄷㄹㅅㅌㅈㅂㅇㅈ,도로 상태 좀 보아줘,teacher_generator,0,review,
dev,communication_control,ㄷㄹㅅㅌㅈㅂㅇㅈ,드릴 세트 좀 받아줘,teacher_generator,0,review,
dev,communication_control,ㄷㅂㅉㄹㅎㄱ,더 봐 쪼리 한 개,teacher_generator,0,review,
dev,communication_control,ㄷㅂㅉㄹㅎㄱ,다 봐 쪼리 한 개,teacher_generator,0,review,
dev,communication_control,ㄷㅂㅉㄹㅎㄱ,대박 쪼리 한 개,teacher_generator,0,review,
dev,communication_control,ㄷㅂㅉㄹㅎㄱ,도 봐 쪼리 한 개,teacher_generator,0,review,
dev,communication_control,ㄷㅂㅉㄹㅎㄱ,두 번 쪼리 한 개,teacher_generator,0,review,
dev,communication_control,ㄷㅂㅉㄹㅎㄱ,더 봐 쫄라 한 개,teacher_generator,0,review,
dev,communication_control,ㄷㅂㅉㄹㅎㄱ,다 봐 쫄라 한 개,teacher_generator,0,review,
dev,communication_control,ㄷㅂㅉㄹㅎㄱ,대박 쫄라 한 개,teacher_generator,0,review,
dev,communication_control,ㄷㅂㅉㄹㅎㄱ,도 봐 쫄라 한 개,teacher_generator,0,review,
dev,communication_control,ㄷㅂㅉㄹㅎㄱ,두 번 쫄라 한 개,teacher_generator,0,review,
dev,communication_control,ㄷㅂㅉㄹㅎㄱ,더 봐 쪼르 한 개,teacher_generator,0,review,
dev,communication_control,ㄷㅂㅉㄹㅎㄱ,다 봐 쪼르 한 개,teacher_generator,0,review,
dev,communication_control,ㄷㅂㅉㄹㅎㄱ,대박 쪼르 한 개,teacher_generator,0,review,
dev,communication_control,ㄷㅂㅉㄹㅎㄱ,도 봐 쪼르 한 개,teacher_generator,0,review,
dev,communication_control,ㄷㅂㅉㄹㅎㄱ,두 번 쪼르 한 개,teacher_generator,0,review,
dev,communication_control,ㄷㅂㅉㄹㅎㄱ,더 봐 쪼리 하고,teacher_generator,0,review,
train,questions_answers,ㄷㅅㅁㅇㅂㅈ,다시 먹어 보자,teacher_generator,0,review,
train,questions_answers,ㄷㅅㅁㅇㅂㅈ,다시 물어 보자,teacher_generator,0,review,
train,questions_answers,ㄷㅅㅁㅇㅂㅈ,다시 모여 보자,teacher_generator,0,review,
train,questions_answers,ㄷㅅㅁㅇㅂㅈ,다시 묶어 보자,teacher_generator,0,review,
train,questions_answers,ㄷㅅㅁㅇㅂㅈ,다시 묻어 보자,teacher_generator,0,review,
train,questions_answers,ㄷㅅㅁㅇㅂㅈ,다시 맡아 보자,teacher_generator,0,review,
train,questions_answers,ㄷㅅㅁㅇㅂㅈ,다시 맞아 보자,teacher_generator,0,review,
train,questions_answers,ㄷㅅㅁㅇㅂㅈ,다시 물어 보죠,teacher_generator,0,review,
train,questions_answers,ㄷㅅㅁㅇㅂㅈ,다시 먹어 보죠,teacher_generator,0,review,
train,questions_answers,ㄷㅅㅁㅇㅂㅈ,다시 모여 보죠,teacher_generator,0,review,
train,questions_answers,ㄷㅅㅁㅇㅂㅈ,대신 먹어 보자,teacher_generator,0,review,
train,questions_answers,ㄷㅅㅁㅇㅂㅈ,대신 물어 보자,teacher_generator,0,review,
train,questions_answers,ㄷㅅㅁㅇㅂㅈ,대신 맡아 보자,teacher_generator,0,review,
train,questions_answers,ㄷㅅㅁㅇㅂㅈ,대신 묻어 보자,teacher_generator,0,review,
train,questions_answers,ㄷㅅㅁㅇㅂㅈ,대신 맞아 보자,teacher_generator,0,review,
train,questions_answers,ㄷㅅㅁㅇㅂㅈ,동생 먹여 보자,teacher_generator,0,review,
dev,device_control,ㄷㅇㄱㅌㅇㅈ,답은 그 팀이죠,teacher_generator,0,review,
dev,device_control,ㄷㅇㄱㅌㅇㅈ,돈은 그 팀이죠,teacher_generator,0,review,
dev,device_control,ㄷㅇㄱㅌㅇㅈ,딜은 그 팀이죠,teacher_generator,0,review,
dev,device_control,ㄷㅇㄱㅌㅇㅈ,"다 와, 그 팀 오자",teacher_generator,0,review,
dev,device_control,ㄷㅇㄱㅌㅇㅈ,"다 와, 그 팀이죠",teacher_generator,0,review,
dev,device_control,ㄷㅇㄱㅌㅇㅈ,다음 그 팀이죠,teacher_generator,0,review,
train,schedule_time,ㄷㅇㄷㅇㅁㄴㅈ,다음 달에 만날지,teacher_generator,0,review,
train,schedule_time,ㄷㅇㄷㅇㅁㄴㅈ,다음 달에 만났지,teacher_generator,0,review,
train,schedule_time,ㄷㅇㄷㅇㅁㄴㅈ,다음 달에 맞는지,teacher_generator,0,review,
train,schedule_time,ㄷㅇㄷㅇㅁㄴㅈ,다음 달에 먹는지,teacher_generator,0,review,
train,schedule_time,ㄷㅇㄷㅇㅁㄴㅈ,다음 달에 묻는지,teacher_generator,0,review,
train,schedule_time,ㄷㅇㄷㅇㅁㄴㅈ,다음 달에 맡는지,teacher_generator,0,review,
train,schedule_time,ㄷㅇㄷㅇㅁㄴㅈ,다음 달에 모는지,teacher_generator,0,review,
train,schedule_time,ㄷㅇㄷㅇㅁㄴㅈ,다음 달에 마는지,teacher_generator,0,review,
train,schedule_time,ㄷㅇㄷㅇㅁㄴㅈ,다음 달에 무는지,teacher_generator,0,review,
train,schedule_time,ㄷㅇㄷㅇㅁㄴㅈ,다음 달에 막는지,teacher_generator,0,review,
train,schedule_time,ㄷㅇㄷㅇㅁㄴㅈ,담요 덮어 매는 중,teacher_generator,0,review,
train,schedule_time,ㄷㅇㄷㅇㅁㄴㅈ,담요 덮어 묶는 중,teacher_generator,0,review,
train,schedule_time,ㄷㅇㄷㅇㅁㄴㅈ,등에 달아 매는 중,teacher_generator,0,review,
train,schedule_time,ㄷㅇㄷㅇㅁㄴㅈ,등에 달아 묶는 중,teacher_generator,0,review,
train,social,ㄷㅇㅇㄸㅂㅈ,다음에 또 보죠,teacher_generator,0,review,
train,social,ㄷㅇㅇㄸㅂㅈ,다음에 또 뵙죠,teacher_generator,0,review,
train,social,ㄷㅇㅇㄸㅂㅈ,다음에 또 뵈죠,teacher_generator,0,review,
train,social,ㄷㅇㅇㄸㅂㅈ,다음에 또 봐줘,teacher_generator,0,review,
train,social,ㄷㅇㅇㄸㅂㅈ,됐어요 또 보자,teacher_generator,0,review,
train,social,ㄷㅇㅇㄸㅂㅈ,됐어요 또 보죠,teacher_generator,0,review,
train,social,ㄷㅇㅇㄸㅂㅈ,됐어요 또 뵙죠,teacher_generator,0,review,
train,social,ㄷㅇㅇㄸㅂㅈ,됐어요 또 뵈죠,teacher_generator,0,review,
train,social,ㄷㅇㅇㄸㅂㅈ,됐어요 또 봐줘,teacher_generator,0,review,
train,social,ㄷㅇㅇㄸㅂㅈ,더워요 또 보자,teacher_generator,0,review,
train,social,ㄷㅇㅇㄸㅂㅈ,더워요 또 보죠,teacher_generator,0,review,
train,social,ㄷㅇㅇㄸㅂㅈ,더워요 또 뵙죠,teacher_generator,0,review,
train,social,ㄷㅇㅇㄸㅂㅈ,더워요 또 뵈죠,teacher_generator,0,review,
train,social,ㄷㅇㅇㄸㅂㅈ,도와요 또 보자,teacher_generator,0,review,
train,social,ㄷㅇㅇㄸㅂㅈ,도와요 또 보죠,teacher_generator,0,review,
train,schedule_time,ㄷㅇㅇㅈㅇㅁㅇ,다음에 잘 안 먹어,teacher_generator,0,review,
train,schedule_time,ㄷㅇㅇㅈㅇㅁㅇ,다음은 잘 안 먹어,teacher_generator,0,review,
train,schedule_time,ㄷㅇㅇㅈㅇㅁㅇ,다음엔 잘 안 먹어,teacher_generator,0,review,
train,schedule_time,ㄷㅇㅇㅈㅇㅁㅇ,다음에 좀 안 먹어,teacher_generator,0,review,
train,schedule_time,ㄷㅇㅇㅈㅇㅁㅇ,다음은 좀 안 먹어,teacher_generator,0,review,
train,schedule_time,ㄷㅇㅇㅈㅇㅁㅇ,다음엔 좀 안 먹어,teacher_generator,0,review,
train,schedule_time,ㄷㅇㅇㅈㅇㅁㅇ,다음에 저 안 먹어,teacher_generator,0,review,
train,schedule_time,ㄷㅇㅇㅈㅇㅁㅇ,다음은 저 안 먹어,teacher_generator,0,review,
train,schedule_time,ㄷㅇㅇㅈㅇㅁㅇ,다음엔 저 안 먹어,teacher_generator,0,review,
train,schedule_time,ㄷㅇㅇㅈㅇㅁㅇ,들어온 지 얼마 안,teacher_generator,0,review,
train,basic_request,ㄹㅁㅋㄱㅈㅇㅈ,라면 컵 가져와줘,teacher_generator,0,review,
train,basic_request,ㄹㅁㅋㄱㅈㅇㅈ,라면 컵 가져오자,teacher_generator,0,review,
train,basic_request,ㄹㅁㅋㄱㅈㅇㅈ,라면 컵 가져오죠,teacher_generator,0,review,
train,basic_request,ㄹㅁㅋㄱㅈㅇㅈ,라면 컵 가져오지,teacher_generator,0,review,
train,basic_request,ㄹㅁㅋㄱㅈㅇㅈ,리모컨 가져오자,teacher_generator,0,review,
train,basic_request,ㄹㅁㅋㄱㅈㅇㅈ,리모컨 가져오죠,teacher_generator,0,review,
train,basic_request,ㄹㅁㅋㄱㅈㅇㅈ,리모컨 가져오지,teacher_generator,0,review,
train,social,ㅁㄴㅅㅂㄱㅇ,만나서 보고요,teacher_generator,0,review,
train,social,ㅁㄴㅅㅂㄱㅇ,뭐냐 선배 가요,teacher_generator,0,review,
train,social,ㅁㄴㅅㅂㄱㅇ,뭐냐 선배 거요,teacher_generator,0,review,
train,social,ㅁㄴㅅㅂㄱㅇ,뭐냐 선배 그요,teacher_generator,0,review,
train,social,ㅁㄴㅅㅂㄱㅇ,매년 선배 가요,teacher_generator,0,review,
train,social,ㅁㄴㅅㅂㄱㅇ,매년 선배 거요,teacher_generator,0,review,
train,social,ㅁㄴㅅㅂㄱㅇ,무녀 선배 가요,teacher_generator,0,review,
train,social,ㅁㄴㅅㅂㄱㅇ,무녀 선배 거요,teacher_generator,0,review,
train,social,ㅁㄴㅅㅂㄱㅇ,마녀 선배 가요,teacher_generator,0,review,
train,social,ㅁㄴㅅㅂㄱㅇ,마녀 선배 거요,teacher_generator,0,review,
train,social,ㅁㄴㅅㅂㄱㅇ,미녀 선배 가요,teacher_generator,0,review,
train,social,ㅁㄴㅅㅂㄱㅇ,미녀 선배 거요,teacher_generator,0,review,
train,social,ㅁㄴㅅㅂㄱㅇ,뭐냐 수빈 가요,teacher_generator,0,review,
train,social,ㅁㄴㅅㅂㄱㅇ,뭐냐 수빈 거요,teacher_generator,0,review,
train,social,ㅁㄴㅅㅂㄱㅇ,매년 수빈 가요,teacher_generator,0,review,
train,social,ㅁㄴㅅㅂㄱㅇ,매년 수빈 거요,teacher_generator,0,review,
dev,questions_answers,ㅁㅅㄸㅇㅇ,무슨 뜻이요,teacher_generator,0,review,
dev,questions_answers,ㅁㅅㄸㅇㅇ,무슨 뜻이오,teacher_generator,0,review,
dev,questions_answers,ㅁㅅㄸㅇㅇ,무슨 뜻 알아,teacher_generator,0,review,
dev,questions_answers,ㅁㅅㄸㅇㅇ,무슨 뜻 있어,teacher_generator,0,review,
dev,questions_answers,ㅁㅅㄸㅇㅇ,몇 살 때예요,teacher_generator,0,review,
dev,questions_answers,ㅁㅅㄸㅇㅇ,몇 살 때였어,teacher_generator,0,review,
dev,questions_answers,ㅁㅅㄸㅇㅇ,몇 살 때 와요,teacher_generator,0,review,
dev,questions_answers,ㅁㅅㄸㅇㅇ,마실 때 있어,teacher_generator,0,review,
dev,questions_answers,ㅁㅅㄸㅇㅇ,마실 때였어,teacher_generator,0,review,
dev,questions_answers,ㅁㅅㄸㅇㅇ,마실 때예요,teacher_generator,0,review,
dev,questions_answers,ㅁㅅㄸㅇㅇ,마실 때 와요,teacher_generator,0,review,
dev,questions_answers,ㅁㅅㄸㅇㅇ,맛살 뜯어요,teacher_generator,0,review,
dev,questions_answers,ㅁㅅㄸㅇㅇ,매실 따와요,teacher_generator,0,review,
dev,questions_answers,ㅁㅅㄸㅇㅇ,명사 뜻 알아,teacher_generator,0,review,
dev,questions_answers,ㅁㅅㄸㅇㅇ,명사 뜻이야,teacher_generator,0,review,
train,schedule_time,ㅁㅅㅇㅇㄱㅇ,무슨 일인가요,teacher_generator,0,review,
train,schedule_time,ㅁㅅㅇㅇㄱㅇ,무슨 일인 거야,teacher_generator,0,review,
train,schedule_time,ㅁㅅㅇㅇㄱㅇ,무슨 약인가요,teacher_generator,0,review,
train,schedule_time,ㅁㅅㅇㅇㄱㅇ,무슨 약인 거야,teacher_generator,0,review,
train,schedule_time,ㅁㅅㅇㅇㄱㅇ,마실 약인가요,teacher_generator,0,review,
train,schedule_time,ㅁㅅㅇㅇㄱㅇ,마실 약인 거야,teacher_generator,0,review,
train,schedule_time,ㅁㅅㅇㅇㄱㅇ,몇 시에 오고요,teacher_generator,0,review,
train,schedule_time,ㅁㅅㅇㅇㄱㅇ,몇 시에 오겠어,teacher_generator,0,review,
train,schedule_time,ㅁㅅㅇㅇㄱㅇ,몇 시에 올게요,teacher_generator,0,review,
train,device_control,ㅁㅅㅈㅂㄴㅈ,무슨 짓 봤는지,teacher_generator,0,review,
train,device_control,ㅁㅅㅈㅂㄴㅈ,무슨 죄 받는지,teacher_generator,0,review,
train,device_control,ㅁㅅㅈㅂㄴㅈ,무슨 집 보는지,teacher_generator,0,review,
train,device_control,ㅁㅅㅈㅂㄴㅈ,무슨 점 보는지,teacher_generator,0,review,
train,device_control,ㅁㅅㅈㅂㄴㅈ,무슨 짐 보낸지,teacher_generator,0,review,
train,device_control,ㅁㅅㅈㅂㄴㅈ,미션 잘 봤는지,teacher_generator,0,review,
train,device_control,ㅁㅅㅈㅂㄴㅈ,미술전 봤는지,teacher_generator,0,review,
dev,device_control,ㅁㅅㅈㅇㅇㅈ,무슨 짓이었지,teacher_generator,0,review,
dev,device_control,ㅁㅅㅈㅇㅇㅈ,무슨 짓이었죠,teacher_generator,0,review,
dev,device_control,ㅁㅅㅈㅇㅇㅈ,무슨 집이었지,teacher_generator,0,review,
dev,device_control,ㅁㅅㅈㅇㅇㅈ,무슨 집이었죠,teacher_generator,0,review,
dev,device_control,ㅁㅅㅈㅇㅇㅈ,무슨 종이었지,teacher_generator,0,review,
dev,device_control,ㅁㅅㅈㅇㅇㅈ,무슨 종이었죠,teacher_generator,0,review,
dev,device_control,ㅁㅅㅈㅇㅇㅈ,무슨 점이었지,teacher_generator,0,review,
dev,device_control,ㅁㅅㅈㅇㅇㅈ,무슨 점이었죠,teacher_generator,0,review,
dev,device_control,ㅁㅅㅈㅇㅇㅈ,무슨 전이었지,teacher_generator,0,review,
dev,device_control,ㅁㅅㅈㅇㅇㅈ,무슨 전이었죠,teacher_generator,0,review,
dev,device_control,ㅁㅅㅈㅇㅇㅈ,무슨 장이었지,teacher_generator,0,review,
dev,device_control,ㅁㅅㅈㅇㅇㅈ,무슨 장이었죠,teacher_generator,0,review,
dev,device_control,ㅁㅅㅈㅇㅇㅈ,무슨 줄이었지,teacher_generator,0,review,
dev,device_control,ㅁㅅㅈㅇㅇㅈ,무슨 줄이었죠,teacher_generator,0,review,
train,emotion_needs,ㅁㅇㅂㅇㅎ,많이 봐야 해,teacher_generator,0,review,
train,emotion_needs,ㅁㅇㅂㅇㅎ,매일 봐야 해,teacher_generator,0,review,
train,emotion_needs,ㅁㅇㅂㅇㅎ,물어봐야 해,teacher_generator,0,review,
train,emotion_needs,ㅁㅇㅂㅇㅎ,"뭐야, 봐야 해",teacher_generator,0,review,
train,emotion_needs,ㅁㅇㅂㅇㅎ,먹어봐야 해,teacher_generator,0,review,
train,emotion_needs,ㅁㅇㅂㅇㅎ,모아봐야 해,teacher_generator,0,review,
train,emotion_needs,ㅁㅇㅂㅇㅎ,밀어봐야 해,teacher_generator,0,review,
train,emotion_needs,ㅁㅇㅂㅇㅎ,묶어봐야 해,teacher_generator,0,review,
train,emotion_needs,ㅁㅇㅂㅇㅎ,메워봐야 해,teacher_generator,0,review,
train,emotion_needs,ㅁㅇㅂㅇㅎ,말아봐야 해,teacher_generator,0,review,
train,social,ㅁㅇㅅㄹㅎ,매일 사랑해,teacher_generator,0,review,
train,social,ㅁㅇㅅㄹㅎ,매우 사랑해,teacher_generator,0,review,
train,social,ㅁㅇㅅㄹㅎ,미안 사랑해,teacher_generator,0,review,
train,social,ㅁㅇㅅㄹㅎ,뭐야 사랑해,teacher_generator,0,review,
train,social,ㅁㅇㅅㄹㅎ,매우 신뢰해,teacher_generator,0,review,
train,social,ㅁㅇㅅㄹㅎ,많이 신뢰해,teacher_generator,0,review,
train,social,ㅁㅇㅅㄹㅎ,매우 수려해,teacher_generator,0,review,
train,social,ㅁㅇㅅㄹㅎ,많이 수려해,teacher_generator,0,review,
train,social,ㅁㅇㅅㄹㅎ,많이 사려 해,teacher_generator,0,review,
train,social,ㅁㅇㅅㄹㅎ,많이 수리해,teacher_generator,0,review,
train,social,ㅁㅇㅅㄹㅎ,미영 사랑해,teacher_generator,0,review,
train,social,ㅁㅇㅅㄹㅎ,민이 사랑해,teacher_generator,0,review,
train,social,ㅁㅇㅅㄹㅎ,민아 사랑해,teacher_generator,0,review,
train,social,ㅁㅇㅅㄹㅎ,미애 사랑해,teacher_generator,0,review,
dev,emotion_needs,ㅁㅇㅇㄷㄷㅎ,마음이 더 둔해,teacher_generator,0,review,
dev,emotion_needs,ㅁㅇㅇㄷㄷㅎ,마음은 더 둔해,teacher_generator,0,review,
dev,emotion_needs,ㅁㅇㅇㄷㄷㅎ,마음에 든다 해,teacher_generator,0,review,
dev,emotion_needs,ㅁㅇㅇㄷㄷㅎ,마음에 든 듯해,teacher_generator,0,review,
dev,emotion_needs,ㅁㅇㅇㄷㄷㅎ,마음에 닿다 해,teacher_generator,0,review,
dev,emotion_needs,ㅁㅇㅇㄷㄷㅎ,마을에 든다 해,teacher_generator,0,review,
dev,emotion_needs,ㅁㅇㅇㄷㄷㅎ,마을에 닿다 해,teacher_generator,0,review,
dev,emotion_needs,ㅁㅇㅇㄷㄷㅎ,모양이 더 둔해,teacher_generator,0,review,
dev,emotion_needs,ㅁㅇㅇㄷㄷㅎ,모양은 더 둔해,teacher_generator,0,review,
dev,emotion_needs,ㅁㅇㅇㄷㄷㅎ,모양에 든다 해,teacher_generator,0,review,
dev,emotion_needs,ㅁㅇㅇㄷㄷㅎ,모양에 닿다 해,teacher_generator,0,review,
dev,emotion_needs,ㅁㅇㅇㄷㄷㅎ,문안이 더 둔해,teacher_generator,0,review,
dev,emotion_needs,ㅁㅇㅇㄷㄷㅎ,무언이 더 둔해,teacher_generator,0,review,
dev,emotion_needs,ㅁㅇㅇㄷㄷㅎ,미안이 더 둔해,teacher_generator,0,review,
dev,emotion_needs,ㅁㅇㅇㄷㄷㅎ,말없이 더 둔해,teacher_generator,0,review,
dev,emotion_needs,ㅁㅇㅇㅍㅎㅈㅇ,마음이 편한 집은,teacher_generator,0,review,
dev,emotion_needs,ㅁㅇㅇㅍㅎㅈㅇ,마음이 편한 집에,teacher_generator,0,review,
dev,emotion_needs,ㅁㅇㅇㅍㅎㅈㅇ,마음이 편한 집을,teacher_generator,0,review,
dev,emotion_needs,ㅁㅇㅇㅍㅎㅈㅇ,마음이 편한 집이,teacher_generator,0,review,
dev,emotion_needs,ㅁㅇㅇㅍㅎㅈㅇ,마음이 편한 집의,teacher_generator,0,review,
dev,emotion_needs,ㅁㅇㅇㅍㅎㅈㅇ,마음이 편한 점은,teacher_generator,0,review,
dev,emotion_needs,ㅁㅇㅇㅍㅎㅈㅇ,마음이 편한 점이,teacher_generator,0,review,
dev,emotion_needs,ㅁㅇㅇㅍㅎㅈㅇ,마음이 편한 점에,teacher_generator,0,review,
dev,emotion_needs,ㅁㅇㅇㅍㅎㅈㅇ,마음이 편한 점을,teacher_generator,0,review,
dev,emotion_needs,ㅁㅇㅇㅍㅎㅈㅇ,마음이 편한 점요,teacher_generator,0,review,
dev,emotion_needs,ㅁㅇㅇㅍㅎㅈㅇ,마음이 편한 적은,teacher_generator,0,review,
dev,emotion_needs,ㅁㅇㅇㅍㅎㅈㅇ,마음이 편한 적이,teacher_generator,0,review,
dev,emotion_needs,ㅁㅇㅇㅍㅎㅈㅇ,마음이 편한 적에,teacher_generator,0,review,
dev,emotion_needs,ㅁㅇㅇㅍㅎㅈㅇ,마음이 편한 적을,teacher_generator,0,review,
dev,emotion_needs,ㅁㅇㅇㅍㅎㅈㅇ,마음이 편한 줄은,teacher_generator,0,review,
dev,emotion_needs,ㅁㅇㅇㅍㅎㅈㅇ,마음이 편한 줄이,teacher_generator,0,review,
train,social,ㅁㅇㅎㅇ,미안해요,teacher_generator,0,review,
train,social,ㅁㅇㅎㅇ,미워해요,teacher_generator,0,review,
train,social,ㅁㅇㅎㅇ,무얼 해요,teacher_generator,0,review,
train,social,ㅁㅇㅎㅇ,말을 해요,teacher_generator,0,review,
train,social,ㅁㅇㅎㅇ,말은 해요,teacher_generator,0,review,
train,social,ㅁㅇㅎㅇ,말 안 해요,teacher_generator,0,review,
train,social,ㅁㅇㅎㅇ,뭐 안 해요,teacher_generator,0,review,
train,social,ㅁㅇㅎㅇ,뭘 안 해요,teacher_generator,0,review,
train,social,ㅁㅇㅎㅇ,매일 해요,teacher_generator,0,review,
train,social,ㅁㅇㅎㅇ,무얼 하오,teacher_generator,0,review,
train,social,ㅁㅇㅎㅇ,무엇 하오,teacher_generator,0,review,
train,social,ㅁㅇㅎㅇ,무얼 하여,teacher_generator,0,review,
train,social,ㅁㅇㅎㅇ,말을 하오,teacher_generator,0,review,
train,social,ㅁㅇㅎㅇ,말은 하오,teacher_generator,0,review,
train,social,ㅁㅇㅎㅇ,미워하오,teacher_generator,0,review,
train,social,ㅁㅇㅎㅇ,미안하오,teacher_generator,0,review,
train,basic_request,ㅁㅈㄷㅇㅈ,뭐 좀 도와줘,teacher_generator,0,review,
train,basic_request,ㅁㅈㄷㅇㅈ,문 좀 들어줘,teacher_generator,0,review,
train,basic_request,ㅁㅈㄷㅇㅈ,문 좀 덮어줘,teacher_generator,0,review,
train,basic_request,ㅁㅈㄷㅇㅈ,물 좀 데워줘,teacher_generator,0,review,
train,basic_request,ㅁㅈㄷㅇㅈ,말 좀 들어줘,teacher_generator,0,review,
train,basic_request,ㅁㅈㄷㅇㅈ,말 잘 들어줘,teacher_generator,0,review,
train,basic_request,ㅁㅈㄷㅇㅈ,뭐 좀 더 와줘,teacher_generator,0,review,
train,basic_request,ㅁㅈㄷㅇㅈ,뭐 좀 달아줘,teacher_generator,0,review,
train,basic_request,ㅁㅈㄷㅇㅈ,뭐 좀 대어줘,teacher_generator,0,review,
train,basic_request,ㅁㅈㄷㅇㅈ,뭐 좀 들여줘,teacher_generator,0,review,
train,basic_request,ㅁㅈㄷㅇㅈ,문제도 있지,teacher_generator,0,review,
train,basic_request,ㅁㅈㄷㅇㅈ,모자도 있지,teacher_generator,0,review,
train,basic_request,ㅁㅈㄷㅇㅈ,매장도 있지,teacher_generator,0,review,
train,basic_request,ㅁㅈㄷㅇㅈ,밑줄도 있지,teacher_generator,0,review,
train,questions_answers,ㅂㄱㄴㄱㅇㅇ,보고 난 거예요,teacher_generator,0,review,
train,questions_answers,ㅂㄱㄴㄱㅇㅇ,방금 나갔어요,teacher_generator,0,review,
train,questions_answers,ㅂㄱㄴㄱㅇㅇ,방금 넘겼어요,teacher_generator,0,review,
train,questions_answers,ㅂㄱㄴㄱㅇㅇ,방금 남겼어요,teacher_generator,0,review,
train,questions_answers,ㅂㄱㄴㄱㅇㅇ,보긴 나갔어요,teacher_generator,0,review,
train,questions_answers,ㅂㄱㄴㄱㅇㅇ,보긴 넘겼어요,teacher_generator,0,review,
train,questions_answers,ㅂㄱㄴㄱㅇㅇ,배경 내 거예요,teacher_generator,0,review,
train,questions_answers,ㅂㄱㄴㄱㅇㅇ,부근 내 거예요,teacher_generator,0,review,
train,questions_answers,ㅂㄱㄴㄱㅇㅇ,버금 내 거예요,teacher_generator,0,review,
train,questions_answers,ㅂㄱㅁㄹㄱㅎㅇ,보고 말라고 해요,teacher_generator,0,review,
train,questions_answers,ㅂㄱㅁㄹㄱㅎㅇ,보고 말라고 했어,teacher_generator,0,review,
train,questions_answers,ㅂㄱㅁㄹㄱㅎㅇ,보고 말라고 하오,teacher_generator,0,review,
train,questions_answers,ㅂㄱㅁㄹㄱㅎㅇ,보고 말라고 하여,teacher_generator,0,review,
train,questions_answers,ㅂㄱㅁㄹㄱㅎㅇ,비교 말라고 해요,teacher_generator,0,review,
train,questions_answers,ㅂㄱㅁㄹㄱㅎㅇ,비교 말라고 했어,teacher_generator,0,review,
train,questions_answers,ㅂㄱㅁㄹㄱㅎㅇ,비교 말라고 하오,teacher_generator,0,review,
train,questions_answers,ㅂㄱㅁㄹㄱㅎㅇ,비교 말라고 하여,teacher_generator,0,review,
train,questions_answers,ㅂㄱㅁㄹㄱㅎㅇ,방금 머리 긁혀요,teacher_generator,0,review,
train,questions_answers,ㅂㄱㅁㄹㄱㅎㅇ,방금 머리 긁혔어,teacher_generator,0,review,
train,questions_answers,ㅂㄱㅁㄹㄱㅎㅇ,방금 머리 걷혀요,teacher_generator,0,review,
train,questions_answers,ㅂㄱㅁㄹㄱㅎㅇ,방금 머리 감혀요,teacher_generator,0,review,
train,questions_answers,ㅂㄱㅁㄹㄱㅎㅇ,보고 미리 고향에,teacher_generator,0,review,
train,questions_answers,ㅂㄱㅁㄹㄱㅎㅇ,보고 미리 그 후에,teacher_generator,0,review,
train,questions_answers,ㅂㄱㅁㄹㄱㅎㅇ,방금 말로 그 후에,teacher_generator,0,review,
train,questions_answers,ㅂㄱㅁㄹㄱㅎㅇ,방금 말로 간 후에,teacher_generator,0,review,
train,communication_control,ㅂㄱㅅㅌㅊㅅㅎㄱ,밥과 식탁 청소할게,teacher_generator,0,review,
train,communication_control,ㅂㄱㅅㅌㅊㅅㅎㄱ,밥과 식탁 청소하고,teacher_generator,0,review,
train,communication_control,ㅂㄱㅅㅌㅊㅅㅎㄱ,밥과 식탁 청소 허가,teacher_generator,0,review,
train,communication_control,ㅂㄱㅅㅌㅊㅅㅎㄱ,밥과 식탁 치수 한 개,teacher_generator,0,review,
train,communication_control,ㅂㄱㅅㅌㅊㅅㅎㄱ,밥과 식탁 차선 한 개,teacher_generator,0,review,
train,communication_control,ㅂㄱㅅㅌㅊㅅㅎㄱ,버거 세트 치수 한 개,teacher_generator,0,review,
train,communication_control,ㅂㄱㅅㅌㅊㅅㅎㄱ,버거 세트 치수 한계,teacher_generator,0,review,
train,environment,ㅂㄹㅈㄴㅇㅈ,"별로 좋네, 인정",teacher_generator,0,review,
train,environment,ㅂㄹㅈㄴㅇㅈ,"부럽지, 난 아직",teacher_generator,0,review,
train,environment,ㅂㄹㅈㄴㅇㅈ,"불러줘, 나 이제",teacher_generator,0,review,
train,environment,ㅂㄹㅈㄴㅇㅈ,"빌려줘, 나 이제",teacher_generator,0,review,
train,environment,ㅂㄹㅈㄴㅇㅈ,"바라지, 난 이제",teacher_generator,0,review,
train,environment,ㅂㄹㅈㄴㅇㅈ,"부르지, 난 아직",teacher_generator,0,review,
train,environment,ㅂㄹㅈㄴㅇㅈ,"불러줘, 너 이제",teacher_generator,0,review,
train,environment,ㅂㄹㅈㄴㅇㅈ,"빌려줘, 너 이제",teacher_generator,0,review,
train,environment,ㅂㄹㅈㄴㅇㅈ,"봐라, 좋네 인정",teacher_generator,0,review,
train,environment,ㅂㄹㅈㄴㅇㅈ,"버려, 좀 나아져",teacher_generator,0,review,
train,environment,ㅂㄹㅈㄴㅇㅈ,"버려줘, 나 아직",teacher_generator,0,review,
train,environment,ㅂㄹㅈㄴㅇㅈ,"빌려줘, 나 아직",teacher_generator,0,review,
train,environment,ㅂㄹㅈㄴㅇㅈ,"불러줘, 너 아직",teacher_generator,0,review,
train,environment,ㅂㄹㅈㄴㅇㅈ,"부러지나, 아직",teacher_generator,0,review,
train,environment,ㅂㄹㅈㄴㅇㅈ,"부러졌나, 이제",teacher_generator,0,review,
train,environment,ㅂㄹㅈㄴㅇㅈ,"부러졌네, 이제",teacher_generator,0,review,
train,environment,ㅂㄹㅈㄴㅊㅈ,바로 전날 찾자,teacher_generator,0,review,
train,environment,ㅂㄹㅈㄴㅊㅈ,바로 전날 찾죠,teacher_generator,0,review,
train,environment,ㅂㄹㅈㄴㅊㅈ,바로 전날 치자,teacher_generator,0,review,
train,environment,ㅂㄹㅈㄴㅊㅈ,바로 전날 치죠,teacher_generator,0,review,
train,environment,ㅂㄹㅈㄴㅊㅈ,별로 좋나 찾자,teacher_generator,0,review,
train,environment,ㅂㄹㅈㄴㅊㅈ,별로 좋나 찾죠,teacher_generator,0,review,
train,environment,ㅂㄹㅈㄴㅊㅈ,별로 좋나 치자,teacher_generator,0,review,
train,environment,ㅂㄹㅈㄴㅊㅈ,별로 좋냐 찾자,teacher_generator,0,review,
train,environment,ㅂㄹㅈㄴㅊㅈ,별로 좋냐 찾죠,teacher_generator,0,review,
train,environment,ㅂㄹㅈㄴㅊㅈ,별로 좋냐 치자,teacher_generator,0,review,
train,environment,ㅂㄹㅈㄴㅊㅈ,불러 주나 찾자,teacher_generator,0,review,
train,environment,ㅂㄹㅈㄴㅊㅈ,불러 주나 찾죠,teacher_generator,0,review,
train,environment,ㅂㄹㅈㄴㅊㅈ,불러 주나 치자,teacher_generator,0,review,
train,environment,ㅂㄹㅈㄴㅊㅈ,브라질 낮춰 줘,teacher_generator,0,review,
train,environment,ㅂㄹㅈㄴㅊㅈ,브라질 내쳐 줘,teacher_generator,0,review,
train,environment,ㅂㄹㅈㄴㅊㅈ,브라질 놓쳐 줘,teacher_generator,0,review,
dev,environment,ㅂㅇㄴㅁㄷㄷㅎ,비 오나 뭐든 다 해,teacher_generator,0,review,
dev,environment,ㅂㅇㄴㅁㄷㄷㅎ,비 오냐 뭐든 다 해,teacher_generator,0,review,
dev,environment,ㅂㅇㄴㅁㄷㄷㅎ,비 오네 뭐든 다 해,teacher_generator,0,review,
dev,environment,ㅂㅇㄴㅁㄷㄷㅎ,비 오니 뭐든 다 해,teacher_generator,0,review,
dev,environment,ㅂㅇㄴㅁㄷㄷㅎ,비 오나 뭐 다들 해,teacher_generator,0,review,
dev,environment,ㅂㅇㄴㅁㄷㄷㅎ,비 오냐 뭐 다들 해,teacher_generator,0,review,
dev,environment,ㅂㅇㄴㅁㄷㄷㅎ,비 오네 뭐 다들 해,teacher_generator,0,review,
dev,environment,ㅂㅇㄴㅁㄷㄷㅎ,비 오니 뭐 다들 해,teacher_generator,0,review,
dev,environment,ㅂㅇㄴㅁㄷㄷㅎ,병원 너무 답답해,teacher_generator,0,review,
dev,environment,ㅂㅇㄴㅁㄷㄷㅎ,비용 나만 대답해,teacher_generator,0,review,
dev,environment,ㅂㅇㄴㅁㄷㄷㅎ,밥은 나만 대답해,teacher_generator,0,review,
train,food_drink,ㅂㅈㄱㅈ,밥 좀 가져,teacher_generator,0,review,
train,food_drink,ㅂㅈㄱㅈ,빚 좀 갚자,teacher_generator,0,review,
train,food_drink,ㅂㅈㄱㅈ,바지 가져,teacher_generator,0,review,
train,food_drink,ㅂㅈㄱㅈ,바지 고정,teacher_generator,0,review,
train,food_drink,ㅂㅈㄱㅈ,바지 건조,teacher_generator,0,review,
train,food_drink,ㅂㅈㄱㅈ,부장 과장,teacher_generator,0,review,
train,food_drink,ㅂㅈㄱㅈ,부자 기준,teacher_generator,0,review,
train,food_drink,ㅂㅈㄱㅈ,부자 공주,teacher_generator,0,review,
train,food_drink,ㅂㅈㄱㅈ,비자 거절,teacher_generator,0,review,
train,food_drink,ㅂㅈㄱㅈ,비자 규정,teacher_generator,0,review,
train,food_drink,ㅂㅈㄱㅈ,보조 교재,teacher_generator,0,review,
train,food_drink,ㅂㅈㄱㅈ,범죄 구조,teacher_generator,0,review,
train,food_drink,ㅂㅈㄱㅈ,방지 규정,teacher_generator,0,review,
train,food_drink,ㅂㅈㄱㅈ,복지 공제,teacher_generator,0,review,
train,food_drink,ㅂㅈㄱㅈ,보자고 좀,teacher_generator,0,review,
train,food_drink,ㅃㄷㄴㅇㅈ,빨대는 안 줘,teacher_generator,0,review,
train,food_drink,ㅃㄷㄴㅇㅈ,빨대는 왜 줘,teacher_generator,0,review,
train,food_drink,ㅃㄷㄴㅇㅈ,빨대는 왜죠,teacher_generator,0,review,
train,food_drink,ㅃㄷㄴㅇㅈ,빨대는 없죠,teacher_generator,0,review,
train,food_drink,ㅃㄷㄴㅇㅈ,빨대는 있죠,teacher_generator,0,review,
train,food_drink,ㅃㄷㄴㅇㅈ,빨대는 알죠,teacher_generator,0,review,
train,food_drink,ㅃㄷㄴㅇㅈ,빨대는 오죠,teacher_generator,0,review,
train,food_drink,ㅃㄷㄴㅇㅈ,빨대 놓아줘,teacher_generator,0,review,
train,food_drink,ㅃㄷㄴㅇㅈ,빼다 놓아줘,teacher_generator,0,review,
train,food_drink,ㅃㄷㄴㅇㅈ,뺏다 놓아줘,teacher_generator,0,review,
train,food_drink,ㅃㄷㄴㅇㅈ,뽑다 놓아줘,teacher_generator,0,review,
train,food_drink,ㅃㄷㄴㅇㅈ,뿔도 나왔죠,teacher_generator,0,review,
train,food_drink,ㅃㄷㄴㅇㅈ,뿔도 나 있죠,teacher_generator,0,review,
dev,food_drink,ㅅㄱㄹㅈㅈ,사과를 주자,teacher_generator,0,review,
dev,food_drink,ㅅㄱㄹㅈㅈ,사과를 주지,teacher_generator,0,review,
dev,food_drink,ㅅㄱㄹㅈㅈ,사과를 주죠,teacher_generator,0,review,
dev,food_drink,ㅅㄱㄹㅈㅈ,사과를 직접,teacher_generator,0,review,
dev,food_drink,ㅅㄱㄹㅈㅈ,사거리 직진,teacher_generator,0,review,
dev,food_drink,ㅅㄱㄹㅈㅈ,사거리 정지,teacher_generator,0,review,
dev,food_drink,ㅅㄱㄹㅈㅈ,시골로 직진,teacher_generator,0,review,
dev,food_drink,ㅅㄱㄹㅈㅈ,시골로 전진,teacher_generator,0,review,
dev,food_drink,ㅅㄱㄹㅈㅈ,신고를 접자,teacher_generator,0,review,
dev,food_drink,ㅅㄱㄹㅈㅈ,신규로 저장,teacher_generator,0,review,
dev,food_drink,ㅅㄱㄹㅈㅈ,신규로 제작,teacher_generator,0,review,
dev,food_drink,ㅅㄱㄹㅈㅈ,신규로 지정,teacher_generator,0,review,
dev,food_drink,ㅅㄱㄹㅈㅈ,신규로 조정,teacher_generator,0,review,
dev,food_drink,ㅅㄱㄹㅈㅈ,수기로 저장,teacher_generator,0,review,
dev,food_drink,ㅅㄱㄹㅈㅈ,수기로 지정,teacher_generator,0,review,
dev,food_drink,ㅅㄱㄹㅈㅈ,수기로 조정,teacher_generator,0,review,
train,communication_control,ㅅㄱㅅㅁㅎㅈ,시간 설명해줘,teacher_generator,0,review,
train,communication_control,ㅅㄱㅅㅁㅎㅈ,사건 설명해줘,teacher_generator,0,review,
train,communication_control,ㅅㄱㅅㅁㅎㅈ,사기 설명해줘,teacher_generator,0,review,
train,communication_control,ㅅㄱㅅㅁㅎㅈ,시각 설명해줘,teacher_generator,0,review,
train,communication_control,ㅅㄱㅅㅁㅎㅈ,시급 설명해줘,teacher_generator,0,review,
train,communication_control,ㅅㄱㅅㅁㅎㅈ,소견 설명해줘,teacher_generator,0,review,
train,communication_control,ㅅㄱㅅㅁㅎㅈ,소감 설명해줘,teacher_generator,0,review,
train,communication_control,ㅅㄱㅅㅁㅎㅈ,생각 설명해줘,teacher_generator,0,review,
train,communication_control,ㅅㄱㅅㅁㅎㅈ,시골 설명해줘,teacher_generator,0,review,
train,communication_control,ㅅㄱㅅㅁㅎㅈ,사골 설명해줘,teacher_generator,0,review,
train,communication_control,ㅅㄱㅅㅁㅎㅈ,사건 소명해줘,teacher_generator,0,review,
train,communication_control,ㅅㄱㅅㅁㅎㅈ,사기 소명해줘,teacher_generator,0,review,
train,communication_control,ㅅㄱㅅㅁㅎㅈ,상금 선물해줘,teacher_generator,0,review,
train,communication_control,ㅅㄱㅅㅁㅎㅈ,사과 선물해줘,teacher_generator,0,review,
train,communication_control,ㅅㄱㅅㅁㅎㅈ,소금 선물해줘,teacher_generator,0,review,
train,communication_control,ㅅㄱㅅㅁㅎㅈ,소금 사면 해줘,teacher_generator,0,review,
train,device_control,ㅅㄹㄹㄴㅊㅈ,소리를 낮추자,teacher_generator,0,review,
train,device_control,ㅅㄹㄹㄴㅊㅈ,소리를 늦춰줘,teacher_generator,0,review,
train,device_control,ㅅㄹㄹㄴㅊㅈ,소리를 늦추자,teacher_generator,0,review,
train,device_control,ㅅㄹㄹㄴㅊㅈ,소리를 놓치지,teacher_generator,0,review,
train,device_control,ㅅㄹㄹㄴㅊㅈ,서로를 놓치지,teacher_generator,0,review,
train,device_control,ㅅㄹㄹㄴㅊㅈ,서류를 놓치지,teacher_generator,0,review,
train,device_control,ㅅㄹㄹㄴㅊㅈ,사례를 놓치지,teacher_generator,0,review,
train,device_control,ㅅㄹㄹㄴㅊㅈ,사료를 놓치지,teacher_generator,0,review,
train,device_control,ㅅㄹㄹㄴㅊㅈ,수리를 늦춰줘,teacher_generator,0,review,
train,device_control,ㅅㄹㄹㄴㅊㅈ,수리를 늦추자,teacher_generator,0,review,
train,device_control,ㅅㄹㄹㄴㅊㅈ,수리를 낮추자,teacher_generator,0,review,
train,device_control,ㅅㄹㄹㄴㅊㅈ,신뢰를 낮추자,teacher_generator,0,review,
train,device_control,ㅅㄹㄹㄴㅊㅈ,신뢰를 놓치지,teacher_generator,0,review,
train,device_control,ㅅㄹㄹㄴㅊㅈ,심리를 낮추자,teacher_generator,0,review,
train,device_control,ㅅㄹㄹㄴㅊㅈ,심리를 놓치지,teacher_generator,0,review,
train,device_control,ㅅㄹㄹㅋㅇㅈ,소리를 키우자,teacher_generator,0,review,
train,device_control,ㅅㄹㄹㅋㅇㅈ,소리를 키우지,teacher_generator,0,review,
train,device_control,ㅅㄹㄹㅋㅇㅈ,소리를 키우죠,teacher_generator,0,review,
train,device_control,ㅅㄹㄹㅋㅇㅈ,소리를 켜야지,teacher_generator,0,review,
train,device_control,ㅅㄹㄹㅋㅇㅈ,소리를 켜야죠,teacher_generator,0,review,
train,device_control,ㅅㄹㄹㅋㅇㅈ,소리를 켜요 좀,teacher_generator,0,review,
train,environment,ㅅㄹㅈㅈㅇㅈ,서류 좀 적어줘,teacher_generator,0,review,
train,environment,ㅅㄹㅈㅈㅇㅈ,서류 좀 접어줘,teacher_generator,0,review,
train,environment,ㅅㄹㅈㅈㅇㅈ,수량 좀 적어줘,teacher_generator,0,review,
train,environment,ㅅㄹㅈㅈㅇㅈ,수량 좀 잡아줘,teacher_generator,0,review,
train,environment,ㅅㄹㅈㅈㅇㅈ,시력 좀 재어줘,teacher_generator,0,review,
train,environment,ㅅㄹㅈㅈㅇㅈ,세로 좀 재어줘,teacher_generator,0,review,
train,environment,ㅅㄹㅈㅈㅇㅈ,시료 좀 줘 이제,teacher_generator,0,review,
train,environment,ㅅㄹㅈㅈㅇㅈ,서류 좀 줘 이제,teacher_generator,0,review,
train,environment,ㅅㄹㅈㅈㅇㅈ,사료 좀 줘 이제,teacher_generator,0,review,
train,environment,ㅅㄹㅈㅈㅇㅈ,사례 좀 적어줘,teacher_generator,0,review,
train,environment,ㅅㄹㅈㅈㅇㅈ,수리 좀 잡아줘,teacher_generator,0,review,
train,environment,ㅅㄹㅈㅋㅇㅈ,소리 좀 커야죠,teacher_generator,0,review,
train,environment,ㅅㄹㅈㅋㅇㅈ,소리 좀 켜야죠,teacher_generator,0,review,
train,environment,ㅅㄹㅈㅋㅇㅈ,소리 좀 커야지,teacher_generator,0,review,
train,environment,ㅅㄹㅈㅋㅇㅈ,실력 좀 키워줘,teacher_generator,0,review,
train,environment,ㅅㄹㅈㅋㅇㅈ,사랑 좀 키워줘,teacher_generator,0,review,
train,environment,ㅅㄹㅈㅋㅇㅈ,사람 좀 커야죠,teacher_generator,0,review,
train,environment,ㅅㄹㅈㅋㅇㅈ,사람 좀 커야지,teacher_generator,0,review,
train,environment,ㅅㄹㅈㅋㅇㅈ,세력 좀 키워줘,teacher_generator,0,review,
train,environment,ㅅㄹㅈㅋㅇㅈ,세로 좀 키워줘,teacher_generator,0,review,
train,environment,ㅅㄹㅈㅋㅇㅈ,세로 좀 커야죠,teacher_generator,0,review,
train,environment,ㅅㄹㅈㅋㅇㅈ,수량 좀 키워줘,teacher_generator,0,review,
train,environment,ㅅㄹㅈㅋㅇㅈ,수리 좀 키워줘,teacher_generator,0,review,
train,environment,ㅅㄹㅈㅋㅇㅈ,사료 좀 키워줘,teacher_generator,0,review,
train,environment,ㅅㄹㅈㅋㅇㅈ,서로 좀 키워줘,teacher_generator,0,review,
train,environment,ㅅㄹㅈㅋㅇㅈ,소리 좀 켜야지,teacher_generator,0,review,
train,communication_control,ㅅㅂㅉㄹㅎㄱ,삼분짜리 한 곡,teacher_generator,0,review,
train,communication_control,ㅅㅂㅉㄹㅎㄱ,삼분짜리 한 강,teacher_generator,0,review,
train,communication_control,ㅅㅂㅉㄹㅎㄱ,십분짜리 한 곡,teacher_generator,0,review,
train,communication_control,ㅅㅂㅉㄹㅎㄱ,십분짜리 한 강,teacher_generator,0,review,
train,communication_control,ㅅㅂㅉㄹㅎㄱ,사분짜리 한 곡,teacher_generator,0,review,
train,communication_control,ㅅㅂㅉㄹㅎㄱ,사분짜리 한 강,teacher_generator,0,review,
train,communication_control,ㅅㅂㅉㄹㅎㄱ,수분짜리 한 곡,teacher_generator,0,review,
train,communication_control,ㅅㅂㅉㄹㅎㄱ,수분짜리 한 강,teacher_generator,0,review,
train,communication_control,ㅅㅂㅉㄹㅎㄱ,삼백짜리 한 개,teacher_generator,0,review,
train,communication_control,ㅅㅂㅉㄹㅎㄱ,삼백짜리 한 권,teacher_generator,0,review,
train,communication_control,ㅅㅂㅉㄹㅎㄱ,삼백짜리 한 건,teacher_generator,0,review,
train,communication_control,ㅅㅂㅉㄹㅎㄱ,수백짜리 한 개,teacher_generator,0,review,
train,communication_control,ㅅㅂㅉㄹㅎㄱ,수백짜리 한 권,teacher_generator,0,review,
train,food_drink,ㅅㅅㅁㅊㅈ,사실 뭐 찾죠,teacher_generator,0,review,
train,food_drink,ㅅㅅㅁㅊㅈ,사실만 찾자,teacher_generator,0,review,
train,food_drink,ㅅㅅㅁㅊㅈ,소식만 찾자,teacher_generator,0,review,
train,food_drink,ㅅㅅㅁㅊㅈ,소식 뭐 찾죠,teacher_generator,0,review,
train,food_drink,ㅅㅅㅁㅊㅈ,슬슬 뭐 찾죠,teacher_generator,0,review,
train,food_drink,ㅅㅅㅁㅊㅈ,슬슬 뭐 찾자,teacher_generator,0,review,
train,food_drink,ㅅㅅㅁㅊㅈ,슬슬 맞춰줘,teacher_generator,0,review,
train,food_drink,ㅅㅅㅁㅊㅈ,살살 맞춰줘,teacher_generator,0,review,
train,food_drink,ㅅㅅㅁㅊㅈ,상상만 찾자,teacher_generator,0,review,
train,food_drink,ㅅㅅㅁㅊㅈ,상상 뭐 찾죠,teacher_generator,0,review,
train,food_drink,ㅅㅅㅁㅊㅈ,선수 뭐 찾죠,teacher_generator,0,review,
train,food_drink,ㅅㅅㅁㅊㅈ,신상 뭐 찾죠,teacher_generator,0,review,
train,food_drink,ㅅㅅㅁㅊㅈ,시설 뭐 찾죠,teacher_generator,0,review,
train,food_drink,ㅅㅅㅁㅊㅈ,수술 뭐 찾죠,teacher_generator,0,review,
train,food_drink,ㅅㅅㅁㅊㅈ,사서 뭐 찾죠,teacher_generator,0,review,
train,food_drink,ㅅㅅㅁㅊㅈ,생선 뭐 찾죠,teacher_generator,0,review,
train,food_drink,ㅅㅇㅎㅁㅈ,시원한 물 좀,teacher_generator,0,review,
train,food_drink,ㅅㅇㅎㅁㅈ,식은 후 먹자,teacher_generator,0,review,
train,food_drink,ㅅㅇㅎㅁㅈ,수업 후 먹자,teacher_generator,0,review,
train,food_drink,ㅅㅇㅎㅁㅈ,수업 후 문자,teacher_generator,0,review,
train,food_drink,ㅅㅇㅎㅁㅈ,사용 후 문자,teacher_generator,0,review,
train,food_drink,ㅅㅇㅎㅁㅈ,사용 후 만져,teacher_generator,0,review,
train,food_drink,ㅅㅇㅎㅁㅈ,사야 해? 먼저,teacher_generator,0,review,
train,food_drink,ㅅㅇㅎㅁㅈ,"서운해, 맞지?",teacher_generator,0,review,
train,food_drink,ㅅㅇㅎㅁㅈ,"싫어해, 묻지",teacher_generator,0,review,
train,food_drink,ㅅㅇㅎㅁㅈ,"싫어해, 말 좀",teacher_generator,0,review,
train,food_drink,ㅅㅇㅎㅁㅈ,서울행 매진,teacher_generator,0,review,
train,food_drink,ㅅㅇㅎㅁㅈ,서울행 맞지?,teacher_generator,0,review,
dev,social,ㅅㅈㅈㅂㅇㅈ,사진 좀 보이죠,teacher_generator,0,review,
dev,social,ㅅㅈㅈㅂㅇㅈ,사진 좀 받아줘,teacher_generator,0,review,
dev,social,ㅅㅈㅈㅂㅇㅈ,사진 좀 붙여줘,teacher_generator,0,review,
dev,social,ㅅㅈㅈㅂㅇㅈ,사진 좀 봐야죠,teacher_generator,0,review,
dev,social,ㅅㅈㅈㅂㅇㅈ,사진 좀 봐야지,teacher_generator,0,review,
dev,social,ㅅㅈㅈㅂㅇㅈ,시장 좀 봐야죠,teacher_generator,0,review,
dev,social,ㅅㅈㅈㅂㅇㅈ,시장 좀 봐야지,teacher_generator,0,review,
dev,social,ㅅㅈㅈㅂㅇㅈ,수준 좀 봐야죠,teacher_generator,0,review,
dev,social,ㅅㅈㅈㅂㅇㅈ,수준 좀 봐야지,teacher_generator,0,review,
dev,social,ㅅㅈㅈㅂㅇㅈ,수정 좀 봐야죠,teacher_generator,0,review,
dev,social,ㅅㅈㅈㅂㅇㅈ,수정 좀 봐야지,teacher_generator,0,review,
dev,social,ㅅㅈㅈㅂㅇㅈ,소주 좀 부어줘,teacher_generator,0,review,
dev,social,ㅅㅈㅈㅂㅇㅈ,세제 좀 부어줘,teacher_generator,0,review,
dev,social,ㅅㅈㅈㅂㅇㅈ,사전 좀 보여줘,teacher_generator,0,review,
dev,social,ㅅㅈㅈㅂㅇㅈ,서점 좀 봐야죠,teacher_generator,0,review,
train,basic_request,ㅅㅈㅈㅇㅈ,시작 전이죠,teacher_generator,0,review,
train,basic_request,ㅅㅈㅈㅇㅈ,수정 중이죠,teacher_generator,0,review,
train,basic_request,ㅅㅈㅈㅇㅈ,사진 잘 있죠,teacher_generator,0,review,
train,basic_request,ㅅㅈㅈㅇㅈ,사장 좀 와줘,teacher_generator,0,review,
train,basic_request,ㅅㅈㅈㅇㅈ,시장 좀 와줘,teacher_generator,0,review,
train,basic_request,ㅅㅈㅈㅇㅈ,사전 좀 읽죠,teacher_generator,0,review,
train,basic_request,ㅅㅈㅈㅇㅈ,사전 좀 있죠,teacher_generator,0,review,
train,basic_request,ㅅㅈㅈㅇㅈ,세제 좀 있죠,teacher_generator,0,review,
train,basic_request,ㅅㅈㅈㅇㅈ,소주 좀 있죠,teacher_generator,0,review,
train,basic_request,ㅅㅈㅈㅇㅈ,술잔 좀 있죠,teacher_generator,0,review,
train,basic_request,ㅅㅈㅈㅇㅈ,수저 좀 있죠,teacher_generator,0,review,
train,basic_request,ㅅㅈㅈㅇㅈ,시장 좀 열죠,teacher_generator,0,review,
train,basic_request,ㅅㅈㅈㅇㅈ,사진 잘 알죠,teacher_generator,0,review,
train,basic_request,ㅅㅈㅈㅇㅈ,사정 잘 알죠,teacher_generator,0,review,
train,basic_request,ㅅㅈㅈㅇㅈ,사장 잘 알죠,teacher_generator,0,review,
train,basic_request,ㅅㅈㅈㅇㅈ,소재지 알죠,teacher_generator,0,review,
train,environment,ㅅㅍㄱㅈㄲㅈ,상품권 좀 꼭 줘,teacher_generator,0,review,
train,environment,ㅅㅍㄱㅈㄲㅈ,식품권 좀 꼭 줘,teacher_generator,0,review,
train,environment,ㅅㅍㄱㅈㄲㅈ,상품권 좀 꺼줘,teacher_generator,0,review,
train,environment,ㅅㅍㄱㅈㄲㅈ,소파가 좀 꺼져,teacher_generator,0,review,
train,environment,ㅅㅍㄱㅈㄲㅈ,소포가 좀 꺼져,teacher_generator,0,review,
train,environment,ㅅㅍㄱㅈㄲㅈ,수표권 좀 꼭 줘,teacher_generator,0,review,
train,environment,ㅅㅍㄱㅈㅋㅈ,"쇼핑 가자, 켜줘",teacher_generator,0,review,
train,environment,ㅅㅍㄱㅈㅋㅈ,"쇼핑 가자, 크죠",teacher_generator,0,review,
train,environment,ㅅㅍㄱㅈㅋㅈ,"소풍 가자, 켜줘",teacher_generator,0,review,
train,environment,ㅅㅍㄱㅈㅋㅈ,"소풍 가자, 크죠",teacher_generator,0,review,
train,environment,ㅅㅍㄱㅈㅋㅈ,"소포 가져, 켜줘",teacher_generator,0,review,
train,environment,ㅅㅍㄱㅈㅋㅈ,"소포 가져, 커져",teacher_generator,0,review,
train,environment,ㅅㅍㄱㅈㅋㅈ,"샴푸 가져, 켜줘",teacher_generator,0,review,
train,environment,ㅅㅍㄱㅈㅋㅈ,"샴푸 가져, 커져",teacher_generator,0,review,
train,environment,ㅅㅍㄱㅈㅋㅈ,"상품 가져, 켜줘",teacher_generator,0,review,
train,environment,ㅅㅍㄱㅈㅋㅈ,"상품 가져, 커져",teacher_generator,0,review,
train,environment,ㅅㅍㄱㅈㅋㅈ,"식품 가져, 켜줘",teacher_generator,0,review,
train,environment,ㅅㅍㄱㅈㅋㅈ,"식품 가져, 커져",teacher_generator,0,review,
train,environment,ㅅㅍㄱㅈㅋㅈ,"수표 가져, 켜줘",teacher_generator,0,review,
train,environment,ㅅㅍㄱㅈㅋㅈ,"수표 가져, 커져",teacher_generator,0,review,
train,environment,ㅅㅍㄱㅈㅋㅈ,심판 기준 커져,teacher_generator,0,review,
train,basic_request,ㅇㄱㄱㅈㅇㅈ,어 그거 좀 있지,teacher_generator,0,review,
train,basic_request,ㅇㄱㄱㅈㅇㅈ,어 그거 좀 있죠,teacher_generator,0,review,
train,basic_request,ㅇㄱㄱㅈㅇㅈ,어 그거 좀 없지,teacher_generator,0,review,
train,basic_request,ㅇㄱㄱㅈㅇㅈ,어 그거 좀 없죠,teacher_generator,0,review,
train,basic_request,ㅇㄱㄱㅈㅇㅈ,어 그거 좀 알지,teacher_generator,0,review,
train,basic_request,ㅇㄱㄱㅈㅇㅈ,어 그거 좀 알죠,teacher_generator,0,review,
train,basic_request,ㅇㄱㄱㅈㅇㅈ,아 그거 좀 있지,teacher_generator,0,review,
train,basic_request,ㅇㄱㄱㅈㅇㅈ,아 그거 좀 있죠,teacher_generator,0,review,
train,basic_request,ㅇㄱㄱㅈㅇㅈ,아 그거 좀 없지,teacher_generator,0,review,
train,basic_request,ㅇㄱㄱㅈㅇㅈ,아 그거 좀 없죠,teacher_generator,0,review,
train,basic_request,ㅇㄱㄱㅈㅇㅈ,아 그거 좀 알지,teacher_generator,0,review,
train,basic_request,ㅇㄱㄱㅈㅇㅈ,아 그거 좀 알죠,teacher_generator,0,review,
train,basic_request,ㅇㄱㄱㅈㅇㅈ,야 그거 좀 있지,teacher_generator,0,review,
train,basic_request,ㅇㄱㄱㅈㅇㅈ,야 그거 좀 있죠,teacher_generator,0,review,
train,basic_request,ㅇㄱㄱㅈㅇㅈ,어 그건 좀 있지,teacher_generator,0,review,
train,basic_request,ㅇㄱㄱㅈㅇㅈ,어 그건 좀 있죠,teacher_generator,0,review,
train,basic_request,ㅇㄱㄴㅇㅈ,이건 내 의자,teacher_generator,0,review,
train,basic_request,ㅇㄱㄴㅇㅈ,이건 네 의자,teacher_generator,0,review,
train,basic_request,ㅇㄱㄴㅇㅈ,이거 내 의자,teacher_generator,0,review,
train,basic_request,ㅇㄱㄴㅇㅈ,이거 네 의자,teacher_generator,0,review,
train,basic_request,ㅇㄱㄴㅇㅈ,이건 내 옷장,teacher_generator,0,review,
train,basic_request,ㅇㄱㄴㅇㅈ,이건 네 옷장,teacher_generator,0,review,
train,basic_request,ㅇㄱㄴㅇㅈ,이거 내 옷장,teacher_generator,0,review,
train,basic_request,ㅇㄱㄴㅇㅈ,이거 네 옷장,teacher_generator,0,review,
train,basic_request,ㅇㄱㄴㅇㅈ,이건 내 입장,teacher_generator,0,review,
train,basic_request,ㅇㄱㄴㅇㅈ,이건 네 입장,teacher_generator,0,review,
train,basic_request,ㅇㄱㄴㅇㅈ,이거 내 입장,teacher_generator,0,review,
train,basic_request,ㅇㄱㄴㅇㅈ,이거 네 입장,teacher_generator,0,review,
dev,questions_answers,ㅇㄱㄹㄱㅇ,이거라고요,teacher_generator,0,review,
dev,questions_answers,ㅇㄱㄹㄱㅇ,안 그러고요,teacher_generator,0,review,
dev,questions_answers,ㅇㄱㄹㄱㅇ,안 그러게요,teacher_generator,0,review,
dev,questions_answers,ㅇㄱㄹㄱㅇ,안 가려고요,teacher_generator,0,review,
dev,questions_answers,ㅇㄱㄹㄱㅇ,이걸로 가요,teacher_generator,0,review,
dev,questions_answers,ㅇㄱㄹㄱㅇ,이거로 가요,teacher_generator,0,review,
dev,questions_answers,ㅇㄱㄹㄱㅇ,이 길로 가요,teacher_generator,0,review,
dev,questions_answers,ㅇㄱㄹㄱㅇ,여기로 가요,teacher_generator,0,review,
dev,questions_answers,ㅇㄱㄹㄱㅇ,어 그러게요,teacher_generator,0,review,
dev,questions_answers,ㅇㄱㄹㄱㅇ,어 그러고요,teacher_generator,0,review,
dev,questions_answers,ㅇㄱㄹㄱㅇ,왜 그러게요,teacher_generator,0,review,
dev,questions_answers,ㅇㄱㄹㄱㅇ,왜 그러고요,teacher_generator,0,review,
dev,questions_answers,ㅇㄱㄹㄱㅇ,옆길로 가요,teacher_generator,0,review,
dev,questions_answers,ㅇㄱㄹㄱㅇ,앞길로 가요,teacher_generator,0,review,
dev,questions_answers,ㅇㄱㄹㄱㅇ,외길로 가요,teacher_generator,0,review,
dev,questions_answers,ㅇㄱㄹㄱㅇ,온 길로 가요,teacher_generator,0,review,
train,questions_answers,ㅇㄱㅁㅇ,이거 뭐야,teacher_generator,0,review,
train,questions_answers,ㅇㄱㅁㅇ,이건 뭐야,teacher_generator,0,review,
train,questions_answers,ㅇㄱㅁㅇ,여기 뭐야,teacher_generator,0,review,
train,questions_answers,ㅇㄱㅁㅇ,여긴 뭐야,teacher_generator,0,review,
train,questions_answers,ㅇㄱㅁㅇ,이거 뭐임,teacher_generator,0,review,
train,questions_answers,ㅇㄱㅁㅇ,이게 뭐임,teacher_generator,0,review,
train,questions_answers,ㅇㄱㅁㅇ,이건 뭐임,teacher_generator,0,review,
train,questions_answers,ㅇㄱㅁㅇ,여기 뭐임,teacher_generator,0,review,
train,questions_answers,ㅇㄱㅁㅇ,여긴 뭐임,teacher_generator,0,review,
train,questions_answers,ㅇㄱㅁㅇ,아 그만요,teacher_generator,0,review,
train,questions_answers,ㅇㄱㅁㅇ,어 그만요,teacher_generator,0,review,
train,questions_answers,ㅇㄱㅁㅇ,아 그만 와,teacher_generator,0,review,
train,questions_answers,ㅇㄱㅁㅇ,어 그만 와,teacher_generator,0,review,
train,questions_answers,ㅇㄱㅁㅇ,아 그 뭐야,teacher_generator,0,review,
train,questions_answers,ㅇㄱㅁㅇ,어 그 뭐야,teacher_generator,0,review,
train,basic_request,ㅇㄱㅈㅈ,이거 좀 줘,teacher_generator,0,review,
train,basic_request,ㅇㄱㅈㅈ,이걸 좀 줘,teacher_generator,0,review,
train,basic_request,ㅇㄱㅈㅈ,이것 좀 줘,teacher_generator,0,review,
train,basic_request,ㅇㄱㅈㅈ,여기 좀 줘,teacher_generator,0,review,
train,basic_request,ㅇㄱㅈㅈ,이거 직접,teacher_generator,0,review,
train,basic_request,ㅇㄱㅈㅈ,이걸 직접,teacher_generator,0,review,
train,basic_request,ㅇㄱㅈㅈ,이거 점점,teacher_generator,0,review,
train,basic_request,ㅇㄱㅈㅈ,이거 진정,teacher_generator,0,review,
train,basic_request,ㅇㄱㅈㅈ,이거 정정,teacher_generator,0,review,
train,basic_request,ㅇㄱㅈㅈ,이거 조정,teacher_generator,0,review,
train,basic_request,ㅇㄱㅈㅈ,이거 제작,teacher_generator,0,review,
train,basic_request,ㅇㄱㅈㅈ,이거 전쟁,teacher_generator,0,review,
train,basic_request,ㅇㄱㅈㅈ,이거 적절,teacher_generator,0,review,
train,basic_request,ㅇㄱㅈㅈ,이거 집중,teacher_generator,0,review,
train,basic_request,ㅇㄱㅈㅈ,이거 주장,teacher_generator,0,review,
train,social,ㅇㄴㄱㅅㅎㅇ,오늘 가서 해요,teacher_generator,0,review,
train,social,ㅇㄴㄱㅅㅎㅇ,오늘 가서 확인,teacher_generator,0,review,
train,social,ㅇㄴㄱㅅㅎㅇ,오늘 가서 해야,teacher_generator,0,review,
train,social,ㅇㄴㄱㅅㅎㅇ,오늘 급식 해요,teacher_generator,0,review,
train,social,ㅇㄴㄱㅅㅎㅇ,오늘 급식 확인,teacher_generator,0,review,
train,social,ㅇㄴㄱㅅㅎㅇ,오늘 급식 할 일,teacher_generator,0,review,
train,social,ㅇㄴㄱㅅㅎㅇ,오늘 기사 확인,teacher_generator,0,review,
train,social,ㅇㄴㄱㅅㅎㅇ,오늘 계산해요,teacher_generator,0,review,
train,social,ㅇㄴㄱㅅㅎㅇ,오늘 계산 할 일,teacher_generator,0,review,
train,social,ㅇㄴㄱㅅㅎㅇ,오늘 결석해요,teacher_generator,0,review,
train,social,ㅇㄴㄱㅅㅎㅇ,오늘 결석 확인,teacher_generator,0,review,
train,social,ㅇㄴㄱㅅㅎㅇ,오늘 계속 해요,teacher_generator,0,review,
train,social,ㅇㄴㄱㅅㅎㅇ,오늘 계속 확인,teacher_generator,0,review,
train,social,ㅇㄴㄱㅅㅎㅇ,아니 계산해요,teacher_generator,0,review,
train,social,ㅇㄴㄱㅅㅎㅇ,아니 급식 해요,teacher_generator,0,review,
train,social,ㅇㄴㄱㅅㅎㅇ,어느 곳서 해요,teacher_generator,0,review,
train,emotion_needs,ㅇㄴㄴㅁㅍㄱㅎ,오늘 나만 피곤해,teacher_generator,0,review,
train,emotion_needs,ㅇㄴㄴㅁㅍㄱㅎ,오늘 난 뭐 피곤해,teacher_generator,0,review,
train,emotion_needs,ㅇㄴㄴㅁㅍㄱㅎ,아니 나만 피곤해,teacher_generator,0,review,
train,emotion_needs,ㅇㄴㄴㅁㅍㄱㅎ,아니 난 뭐 피곤해,teacher_generator,0,review,
train,emotion_needs,ㅇㄴㄴㅁㅍㄱㅎ,아 난 나만 피곤해,teacher_generator,0,review,
train,emotion_needs,ㅇㄴㄴㅁㅍㄱㅎ,어 난 나만 피곤해,teacher_generator,0,review,
train,emotion_needs,ㅇㄴㄴㅁㅍㄱㅎ,안 내 눈만 피곤해,teacher_generator,0,review,
train,schedule_time,ㅇㄴㅂㅇㅇㅇ,오늘 밤에 와요,teacher_generator,0,review,
train,schedule_time,ㅇㄴㅂㅇㅇㅇ,오늘 밤에 있어,teacher_generator,0,review,
train,schedule_time,ㅇㄴㅂㅇㅇㅇ,오늘 밥은 있어,teacher_generator,0,review,
train,schedule_time,ㅇㄴㅂㅇㅇㅇ,오늘 병원 와요,teacher_generator,0,review,
train,schedule_time,ㅇㄴㅂㅇㅇㅇ,오늘 방에 와요,teacher_generator,0,review,
train,schedule_time,ㅇㄴㅂㅇㅇㅇ,오늘 방에 있어,teacher_generator,0,review,
train,schedule_time,ㅇㄴㅂㅇㅇㅇ,아니 별일 없어,teacher_generator,0,review,
train,schedule_time,ㅇㄴㅂㅇㅇㅇ,아니 병원 와요,teacher_generator,0,review,
train,schedule_time,ㅇㄴㅂㅇㅇㅇ,아니 병원 있어,teacher_generator,0,review,
train,schedule_time,ㅇㄴㅂㅇㅇㅇ,아니 방에 와요,teacher_generator,0,review,
train,schedule_time,ㅇㄴㅂㅇㅇㅇ,아니 방에 있어,teacher_generator,0,review,
train,schedule_time,ㅇㄴㅂㅇㅇㅇ,아니 방은 있어,teacher_generator,0,review,
train,schedule_time,ㅇㄴㅂㅇㅇㅇ,어느 방에 와요,teacher_generator,0,review,
train,schedule_time,ㅇㄴㅂㅇㅇㅇ,어느 방에 있어,teacher_generator,0,review,
dev,emotion_needs,ㅇㄴㅇㄱㅂㅇㅇㅈㅇ,"오늘 이건 봐요, 이제 와",teacher_generator,0,review,
dev,emotion_needs,ㅇㄴㅇㄱㅂㅇㅇㅈㅇ,"오늘 이건 보여, 이제 와",teacher_generator,0,review,
dev,emotion_needs,ㅇㄴㅇㄱㅂㅇㅇㅈㅇ,"오늘 이건 봐요, 아직 와",teacher_generator,0,review,
dev,emotion_needs,ㅇㄴㅇㄱㅂㅇㅇㅈㅇ,"오늘 이거 봐요, 이제 와",teacher_generator,0,review,
dev,emotion_needs,ㅇㄴㅇㄱㅂㅇㅇㅈㅇ,"오늘 이거 보여, 이제 와",teacher_generator,0,review,
dev,emotion_needs,ㅇㄴㅇㄱㅂㅇㅇㅈㅇ,"오늘 이거 봐요, 아직 와",teacher_generator,0,review,
dev,emotion_needs,ㅇㄴㅇㄱㅂㅇㅇㅈㅇ,"아니 이건 봐요, 이제 와",teacher_generator,0,review,
dev,emotion_needs,ㅇㄴㅇㄱㅂㅇㅇㅈㅇ,"아니 이건 보여, 이제 와",teacher_generator,0,review,
dev,emotion_needs,ㅇㄴㅇㄱㅂㅇㅇㅈㅇ,"아니 이건 봐요, 아직 와",teacher_generator,0,review,
dev,emotion_needs,ㅇㄴㅇㄱㅂㅇㅇㅈㅇ,"아니 이거 봐요, 이제 와",teacher_generator,0,review,
dev,emotion_needs,ㅇㄴㅇㄱㅂㅇㅇㅈㅇ,"아니 이거 보여, 이제 와",teacher_generator,0,review,
dev,emotion_needs,ㅇㄴㅇㄱㅂㅇㅇㅈㅇ,"아니 이거 봐요, 아직 와",teacher_generator,0,review,
dev,emotion_needs,ㅇㄴㅇㄱㅂㅇㅇㅈㅇ,"오늘 이건 붙어, 이제 와",teacher_generator,0,review,
dev,emotion_needs,ㅇㄴㅇㄱㅂㅇㅇㅈㅇ,"오늘 이거 붙어, 아직 와",teacher_generator,0,review,
dev,emotion_needs,ㅇㄴㅇㄱㅂㅇㅇㅈㅇ,"아니 이건 빌어, 이제 와",teacher_generator,0,review,
dev,emotion_needs,ㅇㄴㅇㄱㅂㅇㅇㅈㅇ,"아니 이거 빌어, 아직 와",teacher_generator,0,review,
train,schedule_time,ㅇㄴㅇㅁㅅㅇㅇㅇㅇ,오늘은 무슨 일이에요,teacher_generator,0,review,
train,schedule_time,ㅇㄴㅇㅁㅅㅇㅇㅇㅇ,오늘은 무슨 일 있어요,teacher_generator,0,review,
train,schedule_time,ㅇㄴㅇㅁㅅㅇㅇㅇㅇ,오늘은 무슨 일 없어요,teacher_generator,0,review,
dev,questions_answers,ㅇㄴㅇㅇ,오늘은요,teacher_generator,0,review,
dev,questions_answers,ㅇㄴㅇㅇ,아니에요,teacher_generator,0,review,
dev,questions_answers,ㅇㄴㅇㅇ,안 나와요,teacher_generator,0,review,
dev,questions_answers,ㅇㄴㅇㅇ,어 나와요,teacher_generator,0,review,
dev,questions_answers,ㅇㄴㅇㅇ,오늘 와요,teacher_generator,0,review,
dev,questions_answers,ㅇㄴㅇㅇ,오늘 안 와,teacher_generator,0,review,
dev,questions_answers,ㅇㄴㅇㅇ,오늘 있어,teacher_generator,0,review,
dev,questions_answers,ㅇㄴㅇㅇ,오늘 일은,teacher_generator,0,review,
dev,questions_answers,ㅇㄴㅇㅇ,아 나예요,teacher_generator,0,review,
dev,questions_answers,ㅇㄴㅇㅇ,어 나왔어,teacher_generator,0,review,
dev,questions_answers,ㅇㄴㅇㅇ,어느 아이,teacher_generator,0,review,
dev,questions_answers,ㅇㄴㅇㅇ,이 내용은,teacher_generator,0,review,
dev,questions_answers,ㅇㄴㅇㅇ,이 나이에,teacher_generator,0,review,
dev,questions_answers,ㅇㄴㅇㅇ,응 나예요,teacher_generator,0,review,
dev,questions_answers,ㅇㄴㅇㅇ,응 내일요,teacher_generator,0,review,
dev,questions_answers,ㅇㄴㅇㅇ,응 나아요,teacher_generator,0,review,
dev,schedule_time,ㅇㄴㅇㅈㅇㄹㅈ,오늘 이제 알려줘,teacher_generator,0,review,
dev,schedule_time,ㅇㄴㅇㅈㅇㄹㅈ,오늘 이젠 알려줘,teacher_generator,0,review,
dev,schedule_time,ㅇㄴㅇㅈㅇㄹㅈ,오늘 언제 알려줘,teacher_generator,0,review,
dev,schedule_time,ㅇㄴㅇㅈㅇㄹㅈ,오늘 일 좀 알려줘,teacher_generator,0,review,
dev,schedule_time,ㅇㄴㅇㅈㅇㄹㅈ,오늘 일 잘 알려줘,teacher_generator,0,review,
dev,schedule_time,ㅇㄴㅇㅈㅇㄹㅈ,오늘 일 좀 올려줘,teacher_generator,0,review,
dev,schedule_time,ㅇㄴㅇㅈㅇㄹㅈ,오늘 의자 올려줘,teacher_generator,0,review,
dev,schedule_time,ㅇㄴㅇㅈㅇㄹㅈ,언니 이제 알려줘,teacher_generator,0,review,
dev,schedule_time,ㅇㄴㅇㅈㅇㄹㅈ,언니 이젠 알려줘,teacher_generator,0,review,
dev,schedule_time,ㅇㄴㅇㅈㅇㄹㅈ,언니 언제 알려줘,teacher_generator,0,review,
dev,schedule_time,ㅇㄴㅇㅈㅇㄹㅈ,언니 의자 올려줘,teacher_generator,0,review,
dev,schedule_time,ㅇㄴㅇㅈㅇㄹㅈ,아니 이제 알려줘,teacher_generator,0,review,
dev,schedule_time,ㅇㄴㅇㅈㅇㄹㅈ,아니 이젠 알려줘,teacher_generator,0,review,
dev,schedule_time,ㅇㄴㅇㅈㅇㄹㅈ,아니 언제 알려줘,teacher_generator,0,review,
dev,schedule_time,ㅇㄴㅇㅈㅇㄹㅈ,아니 의자 올려줘,teacher_generator,0,review,
dev,schedule_time,ㅇㄴㅇㅈㅇㄹㅈ,아냐 이제 알려줘,teacher_generator,0,review,
train,social,ㅇㄴㅈㄱㅇㄷ,오늘 지금 어디,teacher_generator,0,review,
train,social,ㅇㄴㅈㄱㅇㄷ,언니 지금 어디,teacher_generator,0,review,
train,social,ㅇㄴㅈㄱㅇㄷ,아니 지금 안 돼,teacher_generator,0,review,
train,social,ㅇㄴㅈㄱㅇㄷ,아니 제가 안 돼,teacher_generator,0,review,
train,social,ㅇㄴㅈㄱㅇㄷ,아니 저건 안 돼,teacher_generator,0,review,
train,social,ㅇㄴㅈㄱㅇㄷ,아니 저기 안 돼,teacher_generator,0,review,
train,social,ㅇㄴㅈㄱㅇㄷ,오늘 저기 있다,teacher_generator,0,review,
train,social,ㅇㄴㅈㄱㅇㄷ,오늘 지금 안 돼,teacher_generator,0,review,
train,social,ㅇㄴㅈㄱㅇㄷ,오늘 저기 온다,teacher_generator,0,review,
train,social,ㅇㄴㅈㄱㅇㄷ,언니 저기 있다,teacher_generator,0,review,
train,social,ㅇㄴㅈㄱㅇㄷ,언니 저기 온다,teacher_generator,0,review,
train,social,ㅇㄴㅈㄱㅇㄷ,아니 저기 온다,teacher_generator,0,review,
train,social,ㅇㄴㅈㄱㅇㄷ,오늘 제가 온다,teacher_generator,0,review,
train,social,ㅇㄴㅈㄱㅇㄷ,오늘 제게 온다,teacher_generator,0,review,
train,social,ㅇㄴㅈㄱㅇㄷ,오늘 저긴 어디,teacher_generator,0,review,
train,social,ㅇㄴㅈㄱㅇㄷ,이놈 저기 온다,teacher_generator,0,review,
train,social,ㅇㄴㅈㅁㅇㅇ,아니 정말 왜요,teacher_generator,0,review,
train,social,ㅇㄴㅈㅁㅇㅇ,아니 잠만 있어,teacher_generator,0,review,
train,social,ㅇㄴㅈㅁㅇㅇ,아니 좀만 있어,teacher_generator,0,review,
train,social,ㅇㄴㅈㅁㅇㅇ,아니 저만 와요,teacher_generator,0,review,
train,social,ㅇㄴㅈㅁㅇㅇ,오늘 정말 왜요,teacher_generator,0,review,
train,social,ㅇㄴㅈㅁㅇㅇ,오늘 저만 와요,teacher_generator,0,review,
train,social,ㅇㄴㅈㅁㅇㅇ,오늘 저만 있어,teacher_generator,0,review,
train,social,ㅇㄴㅈㅁㅇㅇ,어느 집 뭐예요,teacher_generator,0,review,
train,social,ㅇㄴㅈㅁㅇㅇ,언니 집 뭐예요,teacher_generator,0,review,
train,social,ㅇㄴㅈㅁㅇㅇ,언니 정말 왜요,teacher_generator,0,review,
train,emotion_needs,ㅇㄴㅎㅂㅎ,오늘 한 번 해,teacher_generator,0,review,
train,emotion_needs,ㅇㄴㅎㅂㅎ,오늘 해 본 후,teacher_generator,0,review,
train,emotion_needs,ㅇㄴㅎㅂㅎ,오늘 해봐 해,teacher_generator,0,review,
train,emotion_needs,ㅇㄴㅎㅂㅎ,오늘 한 병 해,teacher_generator,0,review,
train,emotion_needs,ㅇㄴㅎㅂㅎ,오늘 한 벌 해,teacher_generator,0,review,
train,emotion_needs,ㅇㄴㅎㅂㅎ,오늘 한 밥 해,teacher_generator,0,review,
train,emotion_needs,ㅇㄴㅎㅂㅎ,오늘 한 번 후,teacher_generator,0,review,
train,emotion_needs,ㅇㄴㅎㅂㅎ,아니 한 번 해,teacher_generator,0,review,
train,emotion_needs,ㅇㄴㅎㅂㅎ,아뇨 한 번 해,teacher_generator,0,review,
train,emotion_needs,ㅇㄴㅎㅂㅎ,안녕 한 번 해,teacher_generator,0,review,
train,emotion_needs,ㅇㄴㅎㅂㅎ,안내 한 번 해,teacher_generator,0,review,
train,emotion_needs,ㅇㄴㅎㅂㅎ,어느 한 번 해,teacher_generator,0,review,
train,emotion_needs,ㅇㄴㅎㅂㅎ,오늘 할 법 해,teacher_generator,0,review,
train,emotion_needs,ㅇㄴㅎㅂㅎ,오늘 한 봄 해,teacher_generator,0,review,
train,emotion_needs,ㅇㄴㅎㅂㅎ,오늘 한 볼 해,teacher_generator,0,review,
train,questions_answers,ㅇㄷㄹㄱㄴㄱㅇ,어디로 가는 거요,teacher_generator,0,review,
train,questions_answers,ㅇㄷㄹㄱㄴㄱㅇ,어디로 가는 건요,teacher_generator,0,review,
train,questions_answers,ㅇㄷㄹㄱㄴㄱㅇ,어디로 가는 게요,teacher_generator,0,review,
train,questions_answers,ㅇㄷㄹㄱㄴㄱㅇ,어디를 가는 거야,teacher_generator,0,review,
train,questions_answers,ㅇㄷㄹㄱㄴㄱㅇ,어디를 가는 거요,teacher_generator,0,review,
train,questions_answers,ㅇㄷㄹㄱㄴㄱㅇ,어디를 가는 건요,teacher_generator,0,review,
train,questions_answers,ㅇㄷㄹㄱㄴㄱㅇ,어디를 가는 게요,teacher_generator,0,review,
train,questions_answers,ㅇㄷㄹㄱㄴㄱㅇ,이대로 가는 거야,teacher_generator,0,review,
train,questions_answers,ㅇㄷㄹㄱㄴㄱㅇ,이대로 가는 거요,teacher_generator,0,review,
train,questions_answers,ㅇㄷㄹㄱㄴㄱㅇ,이대로 가는 건요,teacher_generator,0,review,
train,questions_answers,ㅇㄷㄹㄱㄴㄱㅇ,이대로 가는 게요,teacher_generator,0,review,
train,questions_answers,ㅇㄷㄹㄱㄴㄱㅇ,어디로 가는 거예,teacher_generator,0,review,
train,questions_answers,ㅇㄷㄹㄱㄴㄱㅇ,어디를 가는 거예,teacher_generator,0,review,
train,questions_answers,ㅇㄷㄹㄱㄴㄱㅇ,이대로 가는 거예,teacher_generator,0,review,
train,communication_control,ㅇㄷㄹㅁㅎㅈ,이대로만 하자,teacher_generator,0,review,
train,communication_control,ㅇㄷㄹㅁㅎㅈ,이대로만 해줘,teacher_generator,0,review,
train,communication_control,ㅇㄷㄹㅁㅎㅈ,이대로만 하지,teacher_generator,0,review,
train,communication_control,ㅇㄷㄹㅁㅎㅈ,이대로만 하죠,teacher_generator,0,review,
train,communication_control,ㅇㄷㄹㅁㅎㅈ,이대로면 하자,teacher_generator,0,review,
train,communication_control,ㅇㄷㄹㅁㅎㅈ,이대로면 해줘,teacher_generator,0,review,
train,communication_control,ㅇㄷㄹㅁㅎㅈ,이대로 못 하죠,teacher_generator,0,review,
train,communication_control,ㅇㄷㄹㅁㅎㅈ,어디로 말하지,teacher_generator,0,review,
train,communication_control,ㅇㄷㄹㅁㅎㅈ,어디로 말하죠,teacher_generator,0,review,
train,communication_control,ㅇㄷㄹㅁㅎㅈ,어디로 말할지,teacher_generator,0,review,
train,communication_control,ㅇㄷㄹㅁㅎㅈ,어디로 말해줘,teacher_generator,0,review,
train,communication_control,ㅇㄷㄹㅁㅎㅈ,일단 라면 하자,teacher_generator,0,review,
train,communication_control,ㅇㄷㄹㅁㅎㅈ,일단 라면 해줘,teacher_generator,0,review,
train,communication_control,ㅇㄷㄹㅁㅎㅈ,일단 로밍 해줘,teacher_generator,0,review,
dev,questions_answers,ㅇㄷㅇㅇㄴㄱㅇ,어디에 있는 거요,teacher_generator,0,review,
dev,questions_answers,ㅇㄷㅇㅇㄴㄱㅇ,어디에 오늘 가요,teacher_generator,0,review,
dev,questions_answers,ㅇㄷㅇㅇㄴㄱㅇ,어디에 오냐고요,teacher_generator,0,review,
dev,questions_answers,ㅇㄷㅇㅇㄴㄱㅇ,어디에 오나 가요,teacher_generator,0,review,
dev,questions_answers,ㅇㄷㅇㅇㄴㄱㅇ,어디에 오니 가요,teacher_generator,0,review,
dev,questions_answers,ㅇㄷㅇㅇㄴㄱㅇ,어디에 오냐 가요,teacher_generator,0,review,
dev,questions_answers,ㅇㄷㅇㅇㄴㄱㅇ,어디에 오네 가요,teacher_generator,0,review,
dev,questions_answers,ㅇㄷㅇㅇㄴㄱㅇ,일단은 오늘 가요,teacher_generator,0,review,
dev,questions_answers,ㅇㄷㅇㅇㄴㄱㅇ,일단은 오늘 가오,teacher_generator,0,review,
dev,questions_answers,ㅇㄸㄱㅎㅁㄷ,어떻게 할 말도,teacher_generator,0,review,
dev,questions_answers,ㅇㄸㄱㅎㅁㄷ,어떻게 해 말도,teacher_generator,0,review,
dev,questions_answers,ㅇㄸㄱㅎㅁㄷ,어떻게 한 말도,teacher_generator,0,review,
dev,questions_answers,ㅇㄸㄱㅎㅁㄷ,어떻게 한마디,teacher_generator,0,review,
dev,questions_answers,ㅇㄸㄱㅎㅁㄷ,어떻게 해 먹다,teacher_generator,0,review,
dev,questions_answers,ㅇㄸㄱㅎㅁㄷ,어떻게 해 먹던,teacher_generator,0,review,
dev,questions_answers,ㅇㄸㄱㅎㅁㄷ,어떻게 할 만도,teacher_generator,0,review,
dev,questions_answers,ㅇㄸㄱㅎㅁㄷ,왜 또 그 한마디,teacher_generator,0,review,
dev,questions_answers,ㅇㄸㄱㅎㅁㄷ,왜 또 그 한 말도,teacher_generator,0,review,
dev,questions_answers,ㅇㄸㄱㅎㅁㄷ,왜 또 그 한몫도,teacher_generator,0,review,
dev,questions_answers,ㅇㄸㄱㅎㅁㄷ,어떤 게 할 말도,teacher_generator,0,review,
dev,questions_answers,ㅇㄸㄱㅎㅁㄷ,어떤 게 한마디,teacher_generator,0,review,
dev,questions_answers,ㅇㄸㄱㅎㅁㄷ,어떤 게 한 말도,teacher_generator,0,review,
dev,questions_answers,ㅇㄸㄱㅎㅁㄷ,어떤 게 해 먹다,teacher_generator,0,review,
dev,device_control,ㅇㄹㄲㅈ,이리 껴줘,teacher_generator,0,review,
dev,device_control,ㅇㄹㄲㅈ,얼른 꺼줘,teacher_generator,0,review,
dev,device_control,ㅇㄹㄲㅈ,얼른 꺼져,teacher_generator,0,review,
dev,device_control,ㅇㄹㄲㅈ,오래 끄지,teacher_generator,0,review,
dev,device_control,ㅇㄹㄲㅈ,오래 끓죠,teacher_generator,0,review,
dev,device_control,ㅇㄹㄲㅈ,이름까지,teacher_generator,0,review,
dev,device_control,ㅇㄹㄲㅈ,연락까지,teacher_generator,0,review,
dev,device_control,ㅇㄹㄲㅈ,여름까지,teacher_generator,0,review,
dev,device_control,ㅇㄹㄲㅈ,입력까지,teacher_generator,0,review,
dev,device_control,ㅇㄹㄲㅈ,이론까지,teacher_generator,0,review,
dev,device_control,ㅇㄹㄲㅈ,음료까지,teacher_generator,0,review,
dev,device_control,ㅇㄹㄲㅈ,원료까지,teacher_generator,0,review,
dev,device_control,ㅇㄹㄲㅈ,오락까지,teacher_generator,0,review,
dev,device_control,ㅇㄹㄲㅈ,아래 끝점,teacher_generator,0,review,
dev,device_control,ㅇㄹㄲㅈ,이래 껐죠,teacher_generator,0,review,
train,device_control,ㅇㄹㅁㅊㅈ,우리 뭐 찾자,teacher_generator,0,review,
train,device_control,ㅇㄹㅁㅊㅈ,얼른 뭐 찾자,teacher_generator,0,review,
train,device_control,ㅇㄹㅁㅊㅈ,우리만 찾자,teacher_generator,0,review,
train,device_control,ㅇㄹㅁㅊㅈ,이름만 찾자,teacher_generator,0,review,
train,device_control,ㅇㄹㅁㅊㅈ,아래만 찾자,teacher_generator,0,review,
train,device_control,ㅇㄹㅁㅊㅈ,위로만 찾자,teacher_generator,0,review,
train,device_control,ㅇㄹㅁㅊㅈ,이리만 찾자,teacher_generator,0,review,
train,device_control,ㅇㄹㅁㅊㅈ,이러면 찾자,teacher_generator,0,review,
train,device_control,ㅇㄹㅁㅊㅈ,이러면 참자,teacher_generator,0,review,
train,device_control,ㅇㄹㅁㅊㅈ,이러면 치자,teacher_generator,0,review,
train,device_control,ㅇㄹㅁㅊㅈ,오래 못 참지,teacher_generator,0,review,
train,device_control,ㅇㄹㅁㅊㅈ,오래 못 찾지,teacher_generator,0,review,
train,device_control,ㅇㄹㅁㅊㅈ,우리 뭐 찾죠,teacher_generator,0,review,
train,communication_control,ㅇㅁㅈㅈㅇㅈ,엄마 저 좀 와 줘,teacher_generator,0,review,
train,communication_control,ㅇㅁㅈㅈㅇㅈ,이모 저 좀 와 줘,teacher_generator,0,review,
train,communication_control,ㅇㅁㅈㅈㅇㅈ,어머 저 좀 와 줘,teacher_generator,0,review,
train,communication_control,ㅇㅁㅈㅈㅇㅈ,아마 저 좀 와 줘,teacher_generator,0,review,
train,communication_control,ㅇㅁㅈㅈㅇㅈ,이미 저 좀 와 줘,teacher_generator,0,review,
train,communication_control,ㅇㅁㅈㅈㅇㅈ,얼마 전 좀 와 줘,teacher_generator,0,review,
train,communication_control,ㅇㅁㅈㅈㅇㅈ,엄마 집 좀 와 줘,teacher_generator,0,review,
train,communication_control,ㅇㅁㅈㅈㅇㅈ,이모 집 좀 와 줘,teacher_generator,0,review,
train,communication_control,ㅇㅁㅈㅈㅇㅈ,엄마 잘 좀 와 줘,teacher_generator,0,review,
train,communication_control,ㅇㅁㅈㅈㅇㅈ,이모 잘 좀 와 줘,teacher_generator,0,review,
train,schedule_time,ㅇㅂㅈㅁㅇㅁㅎ,왜 밥 좀 먹어 뭐 해?,teacher_generator,0,review,
train,schedule_time,ㅇㅂㅈㅁㅇㅁㅎ,왜 밥 좀 먹어 뭘 해?,teacher_generator,0,review,
train,schedule_time,ㅇㅂㅈㅁㅇㅁㅎ,아 밥 좀 먹어 뭐 해?,teacher_generator,0,review,
train,schedule_time,ㅇㅂㅈㅁㅇㅁㅎ,아 밥 좀 먹어 뭘 해?,teacher_generator,0,review,
train,schedule_time,ㅇㅂㅈㅁㅇㅁㅎ,어 밥 좀 먹어 뭐 해?,teacher_generator,0,review,
train,schedule_time,ㅇㅂㅈㅁㅇㅁㅎ,어 밥 좀 먹어 뭘 해?,teacher_generator,0,review,
train,schedule_time,ㅇㅂㅈㅁㅇㅁㅎ,야 밥 좀 먹어 뭐 해?,teacher_generator,0,review,
train,schedule_time,ㅇㅂㅈㅁㅇㅁㅎ,야 밥 좀 먹어 뭘 해?,teacher_generator,0,review,
train,schedule_time,ㅇㅂㅈㅁㅇㅁㅎ,왜 밥 잘 먹어 뭐 해?,teacher_generator,0,review,
train,schedule_time,ㅇㅂㅈㅁㅇㅁㅎ,왜 밥 잘 먹어 뭘 해?,teacher_generator,0,review,
train,schedule_time,ㅇㅂㅈㅁㅇㅁㅎ,아 밥 잘 먹어 뭐 해?,teacher_generator,0,review,
train,schedule_time,ㅇㅂㅈㅁㅇㅁㅎ,아 밥 잘 먹어 뭘 해?,teacher_generator,0,review,
train,schedule_time,ㅇㅂㅈㅁㅇㅁㅎ,어 밥 잘 먹어 뭐 해?,teacher_generator,0,review,
train,schedule_time,ㅇㅂㅈㅁㅇㅁㅎ,어 밥 잘 먹어 뭘 해?,teacher_generator,0,review,
train,schedule_time,ㅇㅂㅈㅁㅇㅁㅎ,야 밥 잘 먹어 뭐 해?,teacher_generator,0,review,
train,schedule_time,ㅇㅂㅈㅁㅇㅁㅎ,야 밥 잘 먹어 뭘 해?,teacher_generator,0,review,
train,schedule_time,ㅇㅂㅈㅇㅈㅇㄹㅈ,아버지 이제 알려줘,teacher_generator,0,review,
train,schedule_time,ㅇㅂㅈㅇㅈㅇㄹㅈ,아버지 이제 연락줘,teacher_generator,0,review,
train,schedule_time,ㅇㅂㅈㅇㅈㅇㄹㅈ,아버지 이제 올려줘,teacher_generator,0,review,
train,schedule_time,ㅇㅂㅈㅇㅈㅇㄹㅈ,아버지 이제 울려줘,teacher_generator,0,review,
train,schedule_time,ㅇㅂㅈㅇㅈㅇㄹㅈ,아버지 아직 알려줘,teacher_generator,0,review,
train,schedule_time,ㅇㅂㅈㅇㅈㅇㄹㅈ,아버지 아직 연락줘,teacher_generator,0,review,
train,schedule_time,ㅇㅂㅈㅇㅈㅇㄹㅈ,아버지 아직 올려줘,teacher_generator,0,review,
train,schedule_time,ㅇㅂㅈㅇㅈㅇㄹㅈ,아버지 아직 울려줘,teacher_generator,0,review,
train,schedule_time,ㅇㅂㅈㅇㅈㅇㄹㅈ,아버지 언제 알려줘,teacher_generator,0,review,
train,schedule_time,ㅇㅂㅈㅇㅈㅇㄹㅈ,아버지 언제 연락줘,teacher_generator,0,review,
train,schedule_time,ㅇㅂㅈㅇㅈㅇㄹㅈ,아버지 언제 올려줘,teacher_generator,0,review,
train,schedule_time,ㅇㅂㅈㅇㅈㅇㄹㅈ,아버지 언제 울려줘,teacher_generator,0,review,
train,schedule_time,ㅇㅂㅈㅇㅈㅇㄹㅈ,아버지 어제 알려줘,teacher_generator,0,review,
train,schedule_time,ㅇㅂㅈㅇㅈㅇㄹㅈ,아버지 어제 연락줘,teacher_generator,0,review,
train,schedule_time,ㅇㅂㅈㅇㅈㅇㄹㅈ,아버지 어제 올려줘,teacher_generator,0,review,
train,schedule_time,ㅇㅂㅈㅇㅈㅇㄹㅈ,아버지 어제 울려줘,teacher_generator,0,review,
dev,communication_control,ㅇㅇㄴㅇㄹㅁㅇㅂㅈ,아 아니야 라면은 봐줘,teacher_generator,0,review,
dev,communication_control,ㅇㅇㄴㅇㄹㅁㅇㅂㅈ,어 아니야 라면은 봐줘,teacher_generator,0,review,
dev,communication_control,ㅇㅇㄴㅇㄹㅁㅇㅂㅈ,오 아니야 라면은 봐줘,teacher_generator,0,review,
dev,communication_control,ㅇㅇㄴㅇㄹㅁㅇㅂㅈ,아 오늘은 라면은 봐줘,teacher_generator,0,review,
dev,communication_control,ㅇㅇㄴㅇㄹㅁㅇㅂㅈ,어 오늘은 라면은 봐줘,teacher_generator,0,review,
dev,communication_control,ㅇㅇㄴㅇㄹㅁㅇㅂㅈ,오 오늘은 라면은 봐줘,teacher_generator,0,review,
dev,communication_control,ㅇㅇㄴㅇㄹㅁㅇㅂㅈ,우 오늘은 라면은 봐줘,teacher_generator,0,review,
dev,communication_control,ㅇㅇㄴㅇㄹㅁㅇㅂㅈ,이 오늘은 라면은 봐줘,teacher_generator,0,review,
dev,communication_control,ㅇㅇㄴㅇㄹㅁㅇㅂㅈ,아 오늘은 라면은 밥 줘,teacher_generator,0,review,
dev,communication_control,ㅇㅇㄴㅇㄹㅁㅇㅂㅈ,어 오늘은 라면은 밥 줘,teacher_generator,0,review,
dev,communication_control,ㅇㅇㄴㅇㄹㅁㅇㅂㅈ,오 오늘은 라면은 밥 줘,teacher_generator,0,review,
dev,communication_control,ㅇㅇㄴㅇㄹㅁㅇㅂㅈ,아 오늘은 라면은 보자,teacher_generator,0,review,
dev,communication_control,ㅇㅇㄴㅇㄹㅁㅇㅂㅈ,어 오늘은 라면은 보자,teacher_generator,0,review,
dev,basic_request,ㅇㅇㄹㅇㅈ,"응, 우리 앉자",teacher_generator,0,review,
dev,basic_request,ㅇㅇㄹㅇㅈ,"응, 우리 웃자",teacher_generator,0,review,
dev,basic_request,ㅇㅇㄹㅇㅈ,"응, 우리 울자",teacher_generator,0,review,
dev,basic_request,ㅇㅇㄹㅇㅈ,"응, 우리 잊자",teacher_generator,0,review,
dev,basic_request,ㅇㅇㄹㅇㅈ,"응, 우리 알지",teacher_generator,0,review,
dev,basic_request,ㅇㅇㄹㅇㅈ,"응, 우리 알자",teacher_generator,0,review,
dev,basic_request,ㅇㅇㄹㅇㅈ,"응, 우리 오자",teacher_generator,0,review,
dev,basic_request,ㅇㅇㄹㅇㅈ,"응, 우리 있자",teacher_generator,0,review,
dev,basic_request,ㅇㅇㄹㅇㅈ,"아, 우리 앉자",teacher_generator,0,review,
dev,basic_request,ㅇㅇㄹㅇㅈ,"아, 우리 웃자",teacher_generator,0,review,
dev,basic_request,ㅇㅇㄹㅇㅈ,"아, 우리 울자",teacher_generator,0,review,
dev,basic_request,ㅇㅇㄹㅇㅈ,"아, 우리 잊자",teacher_generator,0,review,
dev,basic_request,ㅇㅇㄹㅇㅈ,"어, 우리 앉자",teacher_generator,0,review,
dev,basic_request,ㅇㅇㄹㅇㅈ,"어, 우리 웃자",teacher_generator,0,review,
dev,basic_request,ㅇㅇㄹㅇㅈ,"어, 우리 울자",teacher_generator,0,review,
dev,basic_request,ㅇㅇㄹㅇㅈ,"어, 우리 잊자",teacher_generator,0,review,
train,schedule_time,ㅇㅇㅅㄱㅇㅁㅅㅇ,이 일 생각이 맘속에,teacher_generator,0,review,
train,schedule_time,ㅇㅇㅅㄱㅇㅁㅅㅇ,이 일 생각을 맘속에,teacher_generator,0,review,
train,schedule_time,ㅇㅇㅅㄱㅇㅁㅅㅇ,이 옷 색감이 맘속에,teacher_generator,0,review,
train,schedule_time,ㅇㅇㅅㄱㅇㅁㅅㅇ,이 옷 색감은 맘속에,teacher_generator,0,review,
train,schedule_time,ㅇㅇㅅㄱㅇㅁㅅㅇ,이 앱 생각이 맘속에,teacher_generator,0,review,
train,schedule_time,ㅇㅇㅅㄱㅇㅁㅅㅇ,이 앱 생각은 맘속에,teacher_generator,0,review,
train,schedule_time,ㅇㅇㅅㄱㅇㅁㅅㅇ,아 이 순간이 맘속에,teacher_generator,0,review,
train,schedule_time,ㅇㅇㅅㄱㅇㅁㅅㅇ,아 이 순간을 맘속에,teacher_generator,0,review,
train,schedule_time,ㅇㅇㅅㄱㅇㅁㅅㅇ,어 이 순간이 맘속에,teacher_generator,0,review,
train,schedule_time,ㅇㅇㅅㄱㅇㅁㅅㅇ,어 이 순간은 맘속에,teacher_generator,0,review,
train,schedule_time,ㅇㅇㅅㄱㅇㅁㅅㅇ,오 이 순간이 맘속에,teacher_generator,0,review,
train,schedule_time,ㅇㅇㅅㄱㅇㅁㅅㅇ,어 이 사건이 맘속에,teacher_generator,0,review,
train,schedule_time,ㅇㅇㅅㄱㅇㅁㅅㅇ,어 이 사건을 맘속에,teacher_generator,0,review,
train,schedule_time,ㅇㅇㅅㄱㅇㅁㅅㅇ,아 이 사건이 맘속에,teacher_generator,0,review,
train,schedule_time,ㅇㅇㅅㄱㅇㅁㅅㅇ,오 이 사건은 맘속에,teacher_generator,0,review,
dev,food_drink,ㅇㅇㅈㅈ,오이 좀 줘,teacher_generator,0,review,
dev,food_drink,ㅇㅇㅈㅈ,아이 좀 줘,teacher_generator,0,review,
dev,food_drink,ㅇㅇㅈㅈ,아예 좀 줘,teacher_generator,0,review,
dev,food_drink,ㅇㅇㅈㅈ,어어 좀 줘,teacher_generator,0,review,
dev,food_drink,ㅇㅇㅈㅈ,응응 좀 줘,teacher_generator,0,review,
dev,food_drink,ㅇㅇㅈㅈ,예예 좀 줘,teacher_generator,0,review,
dev,food_drink,ㅇㅇㅈㅈ,오오 좀 줘,teacher_generator,0,review,
dev,food_drink,ㅇㅇㅈㅈ,아아 잘 자,teacher_generator,0,review,
dev,food_drink,ㅇㅇㅈㅈ,어어 잘 자,teacher_generator,0,review,
dev,food_drink,ㅇㅇㅈㅈ,응응 잘 자,teacher_generator,0,review,
dev,food_drink,ㅇㅇㅈㅈ,예예 잘 자,teacher_generator,0,review,
dev,food_drink,ㅇㅇㅈㅈ,오오 잘 자,teacher_generator,0,review,
dev,food_drink,ㅇㅇㅈㅈ,응응 주죠,teacher_generator,0,review,
dev,food_drink,ㅇㅇㅈㅈ,예예 주죠,teacher_generator,0,review,
dev,food_drink,ㅇㅇㅈㅈ,오오 좋죠,teacher_generator,0,review,
train,environment,ㅇㅇㅋㅈㄲㅈ,응응 켜져 꺼줘,teacher_generator,0,review,
train,environment,ㅇㅇㅋㅈㄲㅈ,어어 켜져 꺼줘,teacher_generator,0,review,
train,environment,ㅇㅇㅋㅈㄲㅈ,아아 켜져 꺼줘,teacher_generator,0,review,
train,environment,ㅇㅇㅋㅈㄲㅈ,오오 켜져 꺼줘,teacher_generator,0,review,
train,environment,ㅇㅇㅋㅈㄲㅈ,응응 켜지 꺼줘,teacher_generator,0,review,
train,environment,ㅇㅇㅋㅈㄲㅈ,어어 켜지 꺼줘,teacher_generator,0,review,
train,environment,ㅇㅇㅋㅈㄲㅈ,아아 켜지 꺼줘,teacher_generator,0,review,
train,environment,ㅇㅇㅋㅈㄲㅈ,오오 켜지 꺼줘,teacher_generator,0,review,
train,environment,ㅇㅇㅋㅈㄲㅈ,응응 커져 꺼줘,teacher_generator,0,review,
train,environment,ㅇㅇㅋㅈㄲㅈ,어어 커져 꺼줘,teacher_generator,0,review,
train,environment,ㅇㅇㅋㅈㄲㅈ,아아 커져 꺼줘,teacher_generator,0,review,
train,environment,ㅇㅇㅋㅈㄲㅈ,오오 커져 꺼줘,teacher_generator,0,review,
train,environment,ㅇㅇㅋㅈㄲㅈ,응응 켜져 꼭 줘,teacher_generator,0,review,
train,environment,ㅇㅇㅋㅈㄲㅈ,어어 켜져 꼭 줘,teacher_generator,0,review,
train,environment,ㅇㅇㅋㅈㄲㅈ,응응 커져 꼭 줘,teacher_generator,0,review,
train,environment,ㅇㅇㅋㅈㄲㅈ,어어 커져 꼭 줘,teacher_generator,0,review,
train,device_control,ㅇㅈㄱㅌㅇㅈ,이제 곧 타야죠,teacher_generator,0,review,
train,device_control,ㅇㅈㄱㅌㅇㅈ,이제 곧 태워줘,teacher_generator,0,review,
train,device_control,ㅇㅈㄱㅌㅇㅈ,이제 그 팀 있죠,teacher_generator,0,review,
train,device_control,ㅇㅈㄱㅌㅇㅈ,이제 그 팀 없죠,teacher_generator,0,review,
train,device_control,ㅇㅈㄱㅌㅇㅈ,이제 그 틀 있죠,teacher_generator,0,review,
train,device_control,ㅇㅈㄱㅌㅇㅈ,이제 그 틀 없죠,teacher_generator,0,review,
train,device_control,ㅇㅈㄱㅌㅇㅈ,이제 그 탑 있죠,teacher_generator,0,review,
train,device_control,ㅇㅈㄱㅌㅇㅈ,이제 그 탑 없죠,teacher_generator,0,review,
train,device_control,ㅇㅈㄱㅌㅇㅈ,언제 그 팀 와줘,teacher_generator,0,review,
train,device_control,ㅇㅈㄱㅌㅇㅈ,언제 그 팀 있죠,teacher_generator,0,review,
train,device_control,ㅇㅈㄱㅌㅇㅈ,언제 그 팀 없죠,teacher_generator,0,review,
train,device_control,ㅇㅈㄱㅌㅇㅈ,언제 그 틀 있죠,teacher_generator,0,review,
train,device_control,ㅇㅈㄱㅌㅇㅈ,언제 그 틀 없죠,teacher_generator,0,review,
train,device_control,ㅇㅈㄱㅌㅇㅈ,어제 그 팀 왔죠,teacher_generator,0,review,
train,device_control,ㅇㅈㄱㅌㅇㅈ,어제 그 틀 왔죠,teacher_generator,0,review,
train,device_control,ㅇㅈㄱㅌㅇㅈ,어제 그 탑 왔죠,teacher_generator,0,review,
dev,schedule_time,ㅇㅈㄷㅅㅇㄱㅇ,이제 다시 올게요,teacher_generator,0,review,
dev,schedule_time,ㅇㅈㄷㅅㅇㄱㅇ,이제 다시 온 거야,teacher_generator,0,review,
dev,schedule_time,ㅇㅈㄷㅅㅇㄱㅇ,이제 다시 알겠어,teacher_generator,0,review,
dev,schedule_time,ㅇㅈㄷㅅㅇㄱㅇ,이제 다시 오고요,teacher_generator,0,review,
dev,schedule_time,ㅇㅈㄷㅅㅇㄱㅇ,이제 다시 우겨요,teacher_generator,0,review,
dev,schedule_time,ㅇㅈㄷㅅㅇㄱㅇ,어제도 사 온 거야,teacher_generator,0,review,
dev,schedule_time,ㅇㅈㄷㅅㅇㄱㅇ,언제든 사 온 거야,teacher_generator,0,review,
dev,schedule_time,ㅇㅈㄷㅅㅇㄱㅇ,아직도 사 온 거야,teacher_generator,0,review,
dev,schedule_time,ㅇㅈㄷㅅㅇㄱㅇ,아직도 속인 거야,teacher_generator,0,review,
dev,schedule_time,ㅇㅈㄷㅅㅇㄱㅇ,아직도 싫은 거야,teacher_generator,0,review,
dev,schedule_time,ㅇㅈㄷㅅㅇㄱㅇ,아직도 쉬운 거야,teacher_generator,0,review,
dev,schedule_time,ㅇㅈㄷㅅㅇㄱㅇ,이 정도 선인 거야,teacher_generator,0,review,
dev,schedule_time,ㅇㅈㄷㅅㅇㄱㅇ,어제도 손인 거야,teacher_generator,0,review,
dev,schedule_time,ㅇㅈㄷㅅㅇㄱㅇ,언제도 살인 거야,teacher_generator,0,review,
train,questions_answers,ㅇㅈㄷㅎㅇ,이제 다 해요,teacher_generator,0,review,
train,questions_answers,ㅇㅈㄷㅎㅇ,이제 더 해요,teacher_generator,0,review,
train,questions_answers,ㅇㅈㄷㅎㅇ,이 정도 해요,teacher_generator,0,review,
train,questions_answers,ㅇㅈㄷㅎㅇ,아직도 해요,teacher_generator,0,review,
train,questions_answers,ㅇㅈㄷㅎㅇ,아직 더 해요,teacher_generator,0,review,
train,questions_answers,ㅇㅈㄷㅎㅇ,언제 다 해요,teacher_generator,0,review,
train,questions_answers,ㅇㅈㄷㅎㅇ,언제든 해요,teacher_generator,0,review,
train,questions_answers,ㅇㅈㄷㅎㅇ,언제든 환영,teacher_generator,0,review,
train,questions_answers,ㅇㅈㄷㅎㅇ,안전도 확인,teacher_generator,0,review,
train,questions_answers,ㅇㅈㄷㅎㅇ,일정도 확인,teacher_generator,0,review,
train,questions_answers,ㅇㅈㄷㅎㅇ,입장도 확인,teacher_generator,0,review,
train,questions_answers,ㅇㅈㄷㅎㅇ,인증도 확인,teacher_generator,0,review,
train,questions_answers,ㅇㅈㄷㅎㅇ,운전도 확인,teacher_generator,0,review,
train,questions_answers,ㅇㅈㄷㅎㅇ,요점도 확인,teacher_generator,0,review,
train,questions_answers,ㅇㅈㄷㅎㅇ,약정도 확인,teacher_generator,0,review,
train,questions_answers,ㅇㅈㄷㅎㅇ,요즘도 해요,teacher_generator,0,review,
train,questions_answers,ㅇㅈㅇㄲㄴㅇ,이제야 끝나요,teacher_generator,0,review,
train,questions_answers,ㅇㅈㅇㄲㄴㅇ,이제 왜 끝나요,teacher_generator,0,review,
train,questions_answers,ㅇㅈㅇㄲㄴㅇ,이제 안 끝나요,teacher_generator,0,review,
train,questions_answers,ㅇㅈㅇㄲㄴㅇ,이제야 꺼내요,teacher_generator,0,review,
train,questions_answers,ㅇㅈㅇㄲㄴㅇ,이제 왜 꺼내요,teacher_generator,0,review,
train,questions_answers,ㅇㅈㅇㄲㄴㅇ,이제 안 꺼내요,teacher_generator,0,review,
train,questions_answers,ㅇㅈㅇㄲㄴㅇ,이제야 껐나요,teacher_generator,0,review,
train,questions_answers,ㅇㅈㅇㄲㄴㅇ,이제 왜 껐나요,teacher_generator,0,review,
train,questions_answers,ㅇㅈㅇㄲㄴㅇ,이제 안 껐나요,teacher_generator,0,review,
train,questions_answers,ㅇㅈㅇㄲㄴㅇ,언제야 끝나요,teacher_generator,0,review,
train,questions_answers,ㅇㅈㅇㄲㄴㅇ,오전에 끝나요,teacher_generator,0,review,
train,questions_answers,ㅇㅈㅇㄲㄴㅇ,오전에 꺼내요,teacher_generator,0,review,
train,questions_answers,ㅇㅈㅇㄲㄴㅇ,오전엔 끝나요,teacher_generator,0,review,
train,questions_answers,ㅇㅈㅇㄲㄴㅇ,아직 안 끝나요,teacher_generator,0,review,
dev,questions_answers,ㅇㅈㅇㄴㄱㅇ,이제 오늘 가요,teacher_generator,0,review,
dev,questions_answers,ㅇㅈㅇㄴㄱㅇ,이제 오늘 그요,teacher_generator,0,review,
dev,questions_answers,ㅇㅈㅇㄴㄱㅇ,이제 어느 길이,teacher_generator,0,review,
dev,questions_answers,ㅇㅈㅇㄴㄱㅇ,이제 어느 곳이,teacher_generator,0,review,
dev,questions_answers,ㅇㅈㅇㄴㄱㅇ,언제 오는 거요,teacher_generator,0,review,
dev,questions_answers,ㅇㅈㅇㄴㄱㅇ,언제 오는 게요,teacher_generator,0,review,
dev,questions_answers,ㅇㅈㅇㄴㄱㅇ,어제 오늘 가요,teacher_generator,0,review,
dev,questions_answers,ㅇㅈㅇㄴㄱㅇ,어제 오늘 거요,teacher_generator,0,review,
dev,questions_answers,ㅇㅈㅇㄴㄱㅇ,어제 어느 길이,teacher_generator,0,review,
dev,questions_answers,ㅇㅈㅇㄴㄱㅇ,어제 어느 곳이,teacher_generator,0,review,
train,schedule_time,ㅇㅈㅊㅂㅎㄱㅇ,이제 출발할게요,teacher_generator,0,review,
train,schedule_time,ㅇㅈㅊㅂㅎㄱㅇ,이제 출발하고요,teacher_generator,0,review,
train,schedule_time,ㅇㅈㅊㅂㅎㄱㅇ,이제 출발한 거야,teacher_generator,0,review,
train,schedule_time,ㅇㅈㅊㅂㅎㄱㅇ,이제 출발할 거야,teacher_generator,0,review,
train,basic_request,ㅇㅉㅂㅈ,이쪽 보자,teacher_generator,0,review,
train,basic_request,ㅇㅉㅂㅈ,왼쪽 보자,teacher_generator,0,review,
train,basic_request,ㅇㅉㅂㅈ,왼쪽 봐줘,teacher_generator,0,review,
train,basic_request,ㅇㅉㅂㅈ,앞쪽 보자,teacher_generator,0,review,
train,basic_request,ㅇㅉㅂㅈ,앞쪽 봐줘,teacher_generator,0,review,
train,basic_request,ㅇㅉㅂㅈ,안쪽 보자,teacher_generator,0,review,
train,basic_request,ㅇㅉㅂㅈ,안쪽 봐줘,teacher_generator,0,review,
train,basic_request,ㅇㅉㅂㅈ,위쪽 보자,teacher_generator,0,review,
train,basic_request,ㅇㅉㅂㅈ,위쪽 봐줘,teacher_generator,0,review,
train,basic_request,ㅇㅉㅂㅈ,옆쪽 보자,teacher_generator,0,review,
train,basic_request,ㅇㅉㅂㅈ,옆쪽 봐줘,teacher_generator,0,review,
train,basic_request,ㅇㅉㅂㅈ,양쪽 보자,teacher_generator,0,review,
train,basic_request,ㅇㅉㅂㅈ,양쪽 봐줘,teacher_generator,0,review,
train,basic_request,ㅇㅉㅂㅈ,어째 보자,teacher_generator,0,review,
train,basic_request,ㅇㅉㅂㅈ,어째 봐줘,teacher_generator,0,review,
train,basic_request,ㅇㅉㅇㄹㅇㄱㅈ,이쪽이랑 이거죠,teacher_generator,0,review,
train,basic_request,ㅇㅉㅇㄹㅇㄱㅈ,이쪽이랑 요거죠,teacher_generator,0,review,
train,basic_request,ㅇㅉㅇㄹㅇㄱㅈ,이쪽이랑 온 거죠,teacher_generator,0,review,
train,basic_request,ㅇㅉㅇㄹㅇㄱㅈ,이쪽이랑 올 거죠,teacher_generator,0,review,
train,basic_request,ㅇㅉㅇㄹㅇㄱㅈ,이쪽이랑 안 가죠,teacher_generator,0,review,
train,basic_request,ㅇㅉㅇㄹㅇㄱㅈ,이쪽이랑 안 가자,teacher_generator,0,review,
train,basic_request,ㅇㅉㅇㄹㅇㄱㅈ,이쪽이랑 안 갈지,teacher_generator,0,review,
train,basic_request,ㅇㅉㅇㄹㅇㄱㅈ,이쪽이랑 알겠죠,teacher_generator,0,review,
train,basic_request,ㅇㅉㅇㄹㅇㄱㅈ,이쪽이랑 알고 죠,teacher_generator,0,review,
train,basic_request,ㅇㅉㅇㄹㅇㄱㅈ,이쪽이랑 여기죠,teacher_generator,0,review,
train,basic_request,ㅇㅉㅇㄹㅇㄱㅈ,이쪽이랑 이긴 죠,teacher_generator,0,review,
train,basic_request,ㅇㅉㅇㄹㅇㄱㅈ,이쪽이랑 약간 좋,teacher_generator,0,review,
train,basic_request,ㅇㅉㅇㄹㅇㄱㅈ,이쪽이랑 오긴 좋,teacher_generator,0,review,
train,schedule_time,ㅇㅊㅇㄲㅇㅈㄹ,이참에 꼭 와줄래,teacher_generator,0,review,
train,schedule_time,ㅇㅊㅇㄲㅇㅈㄹ,이참에 꼭 와주라,teacher_generator,0,review,
train,schedule_time,ㅇㅊㅇㄲㅇㅈㄹ,이참에 꼭 와주렴,teacher_generator,0,review,
train,schedule_time,ㅇㅊㅇㄲㅇㅈㄹ,이참에 꼭 와줘라,teacher_generator,0,review,
train,schedule_time,ㅇㅊㅇㄲㅇㅈㄹ,이참에 꼭 와주리,teacher_generator,0,review,
train,schedule_time,ㅇㅊㅇㄲㅇㅈㄹ,이참에 꼭 와주련,teacher_generator,0,review,
train,schedule_time,ㅇㅊㅇㄲㅇㅈㄹ,이참에 꼭 와주랴,teacher_generator,0,review,
train,schedule_time,ㅇㅊㅇㄲㅇㅈㄹ,이참에 꼭 와주랑,teacher_generator,0,review,
train,schedule_time,ㅇㅊㅇㄲㅇㅈㄹ,이참엔 꼭 와줄래,teacher_generator,0,review,
train,schedule_time,ㅇㅊㅇㄲㅇㅈㄹ,이참엔 꼭 와주라,teacher_generator,0,review,
train,schedule_time,ㅇㅊㅇㄲㅇㅈㄹ,이참엔 꼭 와주렴,teacher_generator,0,review,
train,schedule_time,ㅇㅊㅇㄲㅇㅈㄹ,이참엔 꼭 와줘라,teacher_generator,0,review,
train,schedule_time,ㅇㅊㅇㄲㅇㅈㄹ,이참은 꼭 와줄래,teacher_generator,0,review,
train,schedule_time,ㅇㅊㅇㄲㅇㅈㄹ,이참은 꼭 와주라,teacher_generator,0,review,
train,schedule_time,ㅇㅊㅇㄲㅇㅈㄹ,이참은 꼭 와주렴,teacher_generator,0,review,
train,schedule_time,ㅇㅊㅇㄲㅇㅈㄹ,이참은 꼭 와줘라,teacher_generator,0,review,
train,schedule_time,ㅇㅎㅇㄴㅁㅎ,어허 오늘 뭐 해,teacher_generator,0,review,
train,schedule_time,ㅇㅎㅇㄴㅁㅎ,어허 오늘만 해,teacher_generator,0,review,
train,schedule_time,ㅇㅎㅇㄴㅁㅎ,어허 오늘 말해,teacher_generator,0,review,
train,schedule_time,ㅇㅎㅇㄴㅁㅎ,오호 오늘 뭐 해,teacher_generator,0,review,
train,schedule_time,ㅇㅎㅇㄴㅁㅎ,오호 오늘만 해,teacher_generator,0,review,
train,schedule_time,ㅇㅎㅇㄴㅁㅎ,오호 오늘 말해,teacher_generator,0,review,
train,schedule_time,ㅇㅎㅇㄴㅁㅎ,아하 오늘 뭐 해,teacher_generator,0,review,
train,schedule_time,ㅇㅎㅇㄴㅁㅎ,아하 오늘만 해,teacher_generator,0,review,
train,schedule_time,ㅇㅎㅇㄴㅁㅎ,아하 오늘 말해,teacher_generator,0,review,
train,schedule_time,ㅇㅎㅇㄴㅁㅎ,영화 오늘 뭐 해,teacher_generator,0,review,
train,schedule_time,ㅇㅎㅇㄴㅁㅎ,영화 오늘만 해,teacher_generator,0,review,
train,schedule_time,ㅇㅎㅇㄴㅁㅎ,영화 오늘 말해,teacher_generator,0,review,
train,schedule_time,ㅇㅎㅇㄴㅁㅎ,안 해 오늘 뭐 해,teacher_generator,0,review,
train,schedule_time,ㅇㅎㅇㄴㅁㅎ,안 해 오늘만 해,teacher_generator,0,review,
train,schedule_time,ㅇㅎㅇㄴㅁㅎ,안 해 오늘 말해,teacher_generator,0,review,
train,basic_request,ㅈㄱㄱㄷㄹㅈ,지금 곧 들러줘,teacher_generator,0,review,
train,basic_request,ㅈㄱㄱㄷㄹㅈ,지금 곧 달려줘,teacher_generator,0,review,
train,basic_request,ㅈㄱㄱㄷㄹㅈ,제게 곧 돌려줘,teacher_generator,0,review,
train,basic_request,ㅈㄱㄱㄷㄹㅈ,저기 곧 들러줘,teacher_generator,0,review,
train,basic_request,ㅈㄱㄱㄷㄹㅈ,저기 곧 달려줘,teacher_generator,0,review,
train,basic_request,ㅈㄱㄱㄷㄹㅈ,조금 곧 달려줘,teacher_generator,0,review,
train,basic_request,ㅈㄱㄱㄷㄹㅈ,제가 곧 돌려줘,teacher_generator,0,review,
train,basic_request,ㅈㄱㄱㄷㄹㅈ,저기 그 들러줘,teacher_generator,0,review,
train,basic_request,ㅈㄱㄱㄷㄹㅈ,제가 곧 달려줘,teacher_generator,0,review,
train,basic_request,ㅈㄱㄴㅇㅈ,지금 나와 줘,teacher_generator,0,review,
train,basic_request,ㅈㄱㄴㅇㅈ,지금 너 와 줘,teacher_generator,0,review,
train,basic_request,ㅈㄱㄴㅇㅈ,조금 나와 줘,teacher_generator,0,review,
train,basic_request,ㅈㄱㄴㅇㅈ,저기 나와 줘,teacher_generator,0,review,
train,basic_request,ㅈㄱㄴㅇㅈ,지금 난 왜지,teacher_generator,0,review,
train,basic_request,ㅈㄱㄴㅇㅈ,지금 넌 왜지,teacher_generator,0,review,
train,basic_request,ㅈㄱㄴㅇㅈ,지금 난 안 자,teacher_generator,0,review,
train,basic_request,ㅈㄱㄴㅇㅈ,지금 넌 안 자,teacher_generator,0,review,
train,basic_request,ㅈㄱㄴㅇㅈ,저기 난 안 자,teacher_generator,0,review,
train,basic_request,ㅈㄱㄴㅇㅈ,지금 내 일 좀,teacher_generator,0,review,
train,basic_request,ㅈㄱㄴㅇㅈ,지금 네 일 좀,teacher_generator,0,review,
train,basic_request,ㅈㄱㄴㅇㅈ,지금 내 앞 좀,teacher_generator,0,review,
train,basic_request,ㅈㄱㄴㅇㅈ,지금 네 앞 좀,teacher_generator,0,review,
train,basic_request,ㅈㄱㄴㅇㅈ,제가 내 일 좀,teacher_generator,0,review,
train,basic_request,ㅈㄱㄴㅇㅈ,저기 내 앞 좀,teacher_generator,0,review,
dev,basic_request,ㅈㄱㄷㄹㄱㅈ,지금 뒤로 가자,teacher_generator,0,review,
dev,basic_request,ㅈㄱㄷㄹㄱㅈ,저기 뒤로 가자,teacher_generator,0,review,
dev,basic_request,ㅈㄱㄷㄹㄱㅈ,조금 뒤로 가자,teacher_generator,0,review,
dev,basic_request,ㅈㄱㄷㄹㄱㅈ,지금 데려가줘,teacher_generator,0,review,
dev,basic_request,ㅈㄱㄷㄹㄱㅈ,저기 데려가줘,teacher_generator,0,review,
dev,basic_request,ㅈㄱㄷㄹㄱㅈ,조금 데려가줘,teacher_generator,0,review,
dev,basic_request,ㅈㄱㄷㄹㄱㅈ,지금 들러 가자,teacher_generator,0,review,
dev,basic_request,ㅈㄱㄷㄹㄱㅈ,저기 들러 가자,teacher_generator,0,review,
dev,basic_request,ㅈㄱㄷㄹㄱㅈ,조금 들러 가자,teacher_generator,0,review,
dev,basic_request,ㅈㄱㄷㄹㄱㅈ,지금 달려가자,teacher_generator,0,review,
dev,basic_request,ㅈㄱㄷㄹㄱㅈ,저기 달려가자,teacher_generator,0,review,
dev,basic_request,ㅈㄱㄷㄹㄱㅈ,자기 달려가자,teacher_generator,0,review,
train,social,ㅈㄱㄷㅇㅇㄱㅎㅈ,지금도 이 얘기 하자,teacher_generator,0,review,
train,social,ㅈㄱㄷㅇㅇㄱㅎㅈ,지금도 이 얘기 하지,teacher_generator,0,review,
train,social,ㅈㄱㄷㅇㅇㄱㅎㅈ,지금도 이 얘기 하죠,teacher_generator,0,review,
train,social,ㅈㄱㄷㅇㅇㄱㅎㅈ,지금도 이 얘기 해줘,teacher_generator,0,review,
train,social,ㅈㄱㄷㅇㅇㄱㅎㅈ,지금도 이 얘기 해 주,teacher_generator,0,review,
train,social,ㅈㄱㄷㅇㅇㄱㅎㅈ,지금도 이 얘기 할 줄,teacher_generator,0,review,
train,social,ㅈㄱㄷㅇㅇㄱㅎㅈ,지금도 이 얘기 한 적,teacher_generator,0,review,
train,social,ㅈㄱㄷㅇㅇㄱㅎㅈ,저기도 이 얘기 하자,teacher_generator,0,review,
train,social,ㅈㄱㄷㅇㅇㄱㅎㅈ,저기도 이 얘기 하지,teacher_generator,0,review,
train,social,ㅈㄱㄷㅇㅇㄱㅎㅈ,저기도 이 얘기 하죠,teacher_generator,0,review,
train,social,ㅈㄱㄷㅇㅇㄱㅎㅈ,저기도 이 얘기 해줘,teacher_generator,0,review,
train,social,ㅈㄱㄷㅇㅇㄱㅎㅈ,저기도 이 얘기 해 주,teacher_generator,0,review,
train,social,ㅈㄱㄷㅇㅇㄱㅎㅈ,저기도 이 얘기 할 줄,teacher_generator,0,review,
train,social,ㅈㄱㄷㅇㅇㄱㅎㅈ,조금 더 이 얘기 하자,teacher_generator,0,review,
train,social,ㅈㄱㄷㅇㅇㄱㅎㅈ,조금 더 이 얘기 하지,teacher_generator,0,review,
train,social,ㅈㄱㄷㅇㅇㄱㅎㅈ,조금 더 이 얘기 하죠,teacher_generator,0,review,
train,food_drink,ㅈㄱㄹㅈㅈ,저 그럼 좀 줘,teacher_generator,0,review,
train,food_drink,ㅈㄱㄹㅈㅈ,저 그럼 잘 자,teacher_generator,0,review,
train,food_drink,ㅈㄱㄹㅈㅈ,저 그럼 좀 자,teacher_generator,0,review,
train,food_drink,ㅈㄱㄹㅈㅈ,저 그럼 자자,teacher_generator,0,review,
train,food_drink,ㅈㄱㄹㅈㅈ,제 거를 좀 줘,teacher_generator,0,review,
train,food_drink,ㅈㄱㄹㅈㅈ,제 걸로 좀 줘,teacher_generator,0,review,
train,food_drink,ㅈㄱㄹㅈㅈ,저 그릇 좀 줘,teacher_generator,0,review,
train,food_drink,ㅈㄱㄹㅈㅈ,저 그림 좀 줘,teacher_generator,0,review,
train,food_drink,ㅈㄱㄹㅈㅈ,저 기록 좀 줘,teacher_generator,0,review,
train,food_drink,ㅈㄱㄹㅈㅈ,저 고리 좀 줘,teacher_generator,0,review,
train,food_drink,ㅈㄱㄹㅈㅈ,저 가루 좀 줘,teacher_generator,0,review,
train,food_drink,ㅈㄱㄹㅈㅈ,저 고래 좀 줘,teacher_generator,0,review,
train,food_drink,ㅈㄱㄹㅈㅈ,저 구름 좀 줘,teacher_generator,0,review,
train,food_drink,ㅈㄱㄹㅈㅈ,저 그래 좀 줘,teacher_generator,0,review,
train,food_drink,ㅈㄱㄹㅈㅈ,저 그래 잘 자,teacher_generator,0,review,
train,emotion_needs,ㅈㄱㅁㅅㅇ,지금 무슨 일,teacher_generator,0,review,
train,emotion_needs,ㅈㄱㅁㅅㅇ,지금 무슨 약,teacher_generator,0,review,
train,emotion_needs,ㅈㄱㅁㅅㅇ,지금 무슨 옷,teacher_generator,0,review,
train,emotion_needs,ㅈㄱㅁㅅㅇ,제가 무슨 일,teacher_generator,0,review,
train,emotion_needs,ㅈㄱㅁㅅㅇ,제가 무슨 약,teacher_generator,0,review,
train,emotion_needs,ㅈㄱㅁㅅㅇ,제가 무슨 옷,teacher_generator,0,review,
train,emotion_needs,ㅈㄱㅁㅅㅇ,저기 무슨 일,teacher_generator,0,review,
train,emotion_needs,ㅈㄱㅁㅅㅇ,저기 무슨 약,teacher_generator,0,review,
train,emotion_needs,ㅈㄱㅁㅅㅇ,저기 무슨 옷,teacher_generator,0,review,
train,emotion_needs,ㅈㄱㅁㅅㅇ,조금만 쉬어,teacher_generator,0,review,
train,emotion_needs,ㅈㄱㅁㅅㅇ,조금만 서요,teacher_generator,0,review,
train,emotion_needs,ㅈㄱㅁㅅㅇ,조금만 사요,teacher_generator,0,review,
train,emotion_needs,ㅈㄱㅁㅅㅇ,조금만 세요,teacher_generator,0,review,
train,emotion_needs,ㅈㄱㅁㅅㅇ,조금만 식어,teacher_generator,0,review,
train,emotion_needs,ㅈㄱㅁㅅㅇ,조금만 사용,teacher_generator,0,review,
dev,questions_answers,ㅈㄱㅁㅇ,저기 뭐야,teacher_generator,0,review,
dev,questions_answers,ㅈㄱㅁㅇ,저기 뭐요,teacher_generator,0,review,
dev,questions_answers,ㅈㄱㅁㅇ,저거 뭐야,teacher_generator,0,review,
dev,questions_answers,ㅈㄱㅁㅇ,저거 뭐요,teacher_generator,0,review,
dev,questions_answers,ㅈㄱㅁㅇ,제가 뭐야,teacher_generator,0,review,
dev,questions_answers,ㅈㄱㅁㅇ,지금 뭐야,teacher_generator,0,review,
dev,questions_answers,ㅈㄱㅁㅇ,조금만요,teacher_generator,0,review,
dev,questions_answers,ㅈㄱㅁㅇ,조금만 와,teacher_generator,0,review,
dev,questions_answers,ㅈㄱㅁㅇ,저것만요,teacher_generator,0,review,
train,emotion_needs,ㅈㄱㅅㄱㅅㄷ,지금 사고 싶다,teacher_generator,0,review,
train,emotion_needs,ㅈㄱㅅㄱㅅㄷ,지금 쉬고 싶다,teacher_generator,0,review,
train,emotion_needs,ㅈㄱㅅㄱㅅㄷ,지금 살고 싶다,teacher_generator,0,review,
train,emotion_needs,ㅈㄱㅅㄱㅅㄷ,지금 숨고 싶다,teacher_generator,0,review,
train,emotion_needs,ㅈㄱㅅㄱㅅㄷ,제가 사고 싶다,teacher_generator,0,review,
train,emotion_needs,ㅈㄱㅅㄱㅅㄷ,제가 쉬고 싶다,teacher_generator,0,review,
train,emotion_needs,ㅈㄱㅅㄱㅅㄷ,제가 살고 싶다,teacher_generator,0,review,
train,emotion_needs,ㅈㄱㅅㄱㅅㄷ,제가 숨고 싶다,teacher_generator,0,review,
train,emotion_needs,ㅈㄱㅅㄱㅅㄷ,저건 사고 싶다,teacher_generator,0,review,
train,emotion_needs,ㅈㄱㅅㄱㅅㄷ,저건 쉬고 싶다,teacher_generator,0,review,
train,emotion_needs,ㅈㄱㅅㄱㅅㄷ,저건 숨고 싶다,teacher_generator,0,review,
train,emotion_needs,ㅈㄱㅅㄱㅅㄷ,조금 사고 싶다,teacher_generator,0,review,
train,emotion_needs,ㅈㄱㅅㄱㅅㄷ,조금 살고 싶다,teacher_generator,0,review,
train,emotion_needs,ㅈㄱㅅㄱㅅㄷ,조금 숨고 싶다,teacher_generator,0,review,
train,food_drink,ㅈㄱㅅㅇㄷㅁㅈ,지금 사 와도 맞죠,teacher_generator,0,review,
train,food_drink,ㅈㄱㅅㅇㄷㅁㅈ,조금 쉬어도 맞죠,teacher_generator,0,review,
train,food_drink,ㅈㄱㅅㅇㄷㅁㅈ,제가 싫어도 맞죠,teacher_generator,0,review,
train,food_drink,ㅈㄱㅅㅇㄷㅁㅈ,제가 싫어도 먼저,teacher_generator,0,review,
train,food_drink,ㅈㄱㅅㅇㄷㅁㅈ,제가 싫은데 먼저,teacher_generator,0,review,
train,food_drink,ㅈㄱㅅㅇㄷㅁㅈ,저기서 일단 뭐죠,teacher_generator,0,review,
train,food_drink,ㅈㄱㅅㅇㄷㅁㅈ,지금 쉬어도 맞죠,teacher_generator,0,review,
train,food_drink,ㅈㄱㅅㅇㄷㅁㅈ,지금 싫어도 맞죠,teacher_generator,0,review,
train,food_drink,ㅈㄱㅅㅇㄷㅁㅈ,제가 사 와도 맞죠,teacher_generator,0,review,
train,food_drink,ㅈㄱㅅㅇㄷㅁㅈ,조금 사 와도 맞죠,teacher_generator,0,review,
train,food_drink,ㅈㄱㅅㅇㄷㅁㅈ,제가 싫은데 뭐죠,teacher_generator,0,review,
dev,schedule_time,ㅈㄱㅇㄷㄱㅎㅈ,지금은 두 개 하자,teacher_generator,0,review,
dev,schedule_time,ㅈㄱㅇㄷㄱㅎㅈ,지금은 두 개 하죠,teacher_generator,0,review,
dev,schedule_time,ㅈㄱㅇㄷㄱㅎㅈ,지금은 두고 하자,teacher_generator,0,review,
dev,schedule_time,ㅈㄱㅇㄷㄱㅎㅈ,지금은 두고 하죠,teacher_generator,0,review,
dev,schedule_time,ㅈㄱㅇㄷㄱㅎㅈ,지금은 대기하자,teacher_generator,0,review,
dev,schedule_time,ㅈㄱㅇㄷㄱㅎㅈ,지금은 대기하죠,teacher_generator,0,review,
dev,schedule_time,ㅈㄱㅇㄷㄱㅎㅈ,제가요 두 개 하자,teacher_generator,0,review,
dev,schedule_time,ㅈㄱㅇㄷㄱㅎㅈ,제가요 두 개 하죠,teacher_generator,0,review,
dev,schedule_time,ㅈㄱㅇㄷㄱㅎㅈ,제가요 두고 하자,teacher_generator,0,review,
dev,schedule_time,ㅈㄱㅇㄷㄱㅎㅈ,제가요 두고 하죠,teacher_generator,0,review,
dev,schedule_time,ㅈㄱㅇㄷㄱㅎㅈ,제가요 대기하자,teacher_generator,0,review,
dev,schedule_time,ㅈㄱㅇㄷㄱㅎㅈ,제가요 대기하죠,teacher_generator,0,review,
dev,schedule_time,ㅈㄱㅇㄷㄱㅎㅈ,저기요 두 개 하자,teacher_generator,0,review,
dev,schedule_time,ㅈㄱㅇㄷㄱㅎㅈ,저기요 두 개 하죠,teacher_generator,0,review,
dev,schedule_time,ㅈㄱㅇㄷㄱㅎㅈ,조금은 두고 하자,teacher_generator,0,review,
dev,schedule_time,ㅈㄱㅇㄷㄱㅎㅈ,조금은 대기하죠,teacher_generator,0,review,
train,communication_control,ㅈㄱㅇㄷㄷㅎㄱㅇㄹㅇ,지금 운동도 하고 올라와,teacher_generator,0,review,
train,communication_control,ㅈㄱㅇㄷㄷㅎㄱㅇㄹㅇ,지금 운동도 하고 이리 와,teacher_generator,0,review,
train,communication_control,ㅈㄱㅇㄷㄷㅎㄱㅇㄹㅇ,지금 운동도 하고 얼른 와,teacher_generator,0,review,
train,communication_control,ㅈㄱㅇㄷㄷㅎㄱㅇㄹㅇ,조금 운동도 하고 올라와,teacher_generator,0,review,
train,communication_control,ㅈㄱㅇㄷㄷㅎㄱㅇㄹㅇ,조금 운동도 하고 이리 와,teacher_generator,0,review,
train,communication_control,ㅈㄱㅇㄷㄷㅎㄱㅇㄹㅇ,조금 운동도 하고 얼른 와,teacher_generator,0,review,
train,communication_control,ㅈㄱㅇㄷㄷㅎㄱㅇㄹㅇ,제가 운동도 하고 올라와,teacher_generator,0,review,
train,communication_control,ㅈㄱㅇㄷㄷㅎㄱㅇㄹㅇ,제가 운동도 하고 이리 와,teacher_generator,0,review,
train,communication_control,ㅈㄱㅇㄷㄷㅎㄱㅇㄹㅇ,제가 운동도 하고 얼른 와,teacher_generator,0,review,
train,communication_control,ㅈㄱㅇㄷㄷㅎㄱㅇㄹㅇ,지금 이동도 하고 올라와,teacher_generator,0,review,
train,communication_control,ㅈㄱㅇㄷㄷㅎㄱㅇㄹㅇ,지금 이동도 하고 이리 와,teacher_generator,0,review,
train,communication_control,ㅈㄱㅇㄷㄷㅎㄱㅇㄹㅇ,지금 이동도 하고 얼른 와,teacher_generator,0,review,
train,emotion_needs,ㅈㄱㅇㅍㅇㅎ,지금은 필요해,teacher_generator,0,review,
train,emotion_needs,ㅈㄱㅇㅍㅇㅎ,지금 이 필요해,teacher_generator,0,review,
train,emotion_needs,ㅈㄱㅇㅍㅇㅎ,제가 왜 필요해,teacher_generator,0,review,
train,emotion_needs,ㅈㄱㅇㅍㅇㅎ,제가 왜 필요함,teacher_generator,0,review,
train,emotion_needs,ㅈㄱㅇㅍㅇㅎ,제게 왜 필요해,teacher_generator,0,review,
train,emotion_needs,ㅈㄱㅇㅍㅇㅎ,제게 왜 필요함,teacher_generator,0,review,
train,emotion_needs,ㅈㄱㅇㅍㅇㅎ,저기요 필요해,teacher_generator,0,review,
train,emotion_needs,ㅈㄱㅇㅍㅇㅎ,저기요 필요함,teacher_generator,0,review,
train,emotion_needs,ㅈㄱㅇㅍㅇㅎ,제가요 필요해,teacher_generator,0,review,
train,emotion_needs,ㅈㄱㅇㅍㅇㅎ,제가요 필요함,teacher_generator,0,review,
train,emotion_needs,ㅈㄱㅇㅍㅇㅎ,지금은 필요함,teacher_generator,0,review,
train,emotion_needs,ㅈㄱㅇㅍㅇㅎ,지금 이 필요함,teacher_generator,0,review,
train,emotion_needs,ㅈㄱㅇㅍㅇㅎ,저건 왜 필요해,teacher_generator,0,review,
train,emotion_needs,ㅈㄱㅇㅍㅇㅎ,저게 왜 필요해,teacher_generator,0,review,
train,emotion_needs,ㅈㄱㅇㅍㅇㅎ,저걸 왜 필요해,teacher_generator,0,review,
train,emotion_needs,ㅈㄱㅇㅍㅇㅎ,제 건 왜 필요해,teacher_generator,0,review,
dev,communication_control,ㅈㄱㅈㄱㅁㅎㅈ,지금 저기 뭐 하지,teacher_generator,0,review,
dev,communication_control,ㅈㄱㅈㄱㅁㅎㅈ,지금 저기 뭐 하죠,teacher_generator,0,review,
dev,communication_control,ㅈㄱㅈㄱㅁㅎㅈ,지금 저기 뭘 하지,teacher_generator,0,review,
dev,communication_control,ㅈㄱㅈㄱㅁㅎㅈ,지금 저기 뭘 하죠,teacher_generator,0,review,
dev,communication_control,ㅈㄱㅈㄱㅁㅎㅈ,제가 지금 뭐 하지,teacher_generator,0,review,
dev,communication_control,ㅈㄱㅈㄱㅁㅎㅈ,제가 지금 뭐 하죠,teacher_generator,0,review,
dev,communication_control,ㅈㄱㅈㄱㅁㅎㅈ,제가 지금 뭘 하지,teacher_generator,0,review,
dev,communication_control,ㅈㄱㅈㄱㅁㅎㅈ,제가 지금 뭘 하죠,teacher_generator,0,review,
dev,communication_control,ㅈㄱㅈㄱㅁㅎㅈ,제가 저기 뭐 하지,teacher_generator,0,review,
dev,communication_control,ㅈㄱㅈㄱㅁㅎㅈ,제가 저기 뭐 하죠,teacher_generator,0,review,
dev,communication_control,ㅈㄱㅈㄱㅁㅎㅈ,제가 저기 뭘 하지,teacher_generator,0,review,
dev,communication_control,ㅈㄱㅈㄱㅁㅎㅈ,제가 저기 뭘 하죠,teacher_generator,0,review,
dev,communication_control,ㅈㄱㅈㄱㅁㅎㅈ,조금 저기 뭐 하지,teacher_generator,0,review,
dev,communication_control,ㅈㄱㅈㄱㅁㅎㅈ,조금 저기 뭐 하죠,teacher_generator,0,review,
dev,communication_control,ㅈㄱㅈㄱㅁㅎㅈ,지금 저기 말 해줘,teacher_generator,0,review,
dev,communication_control,ㅈㄱㅈㄱㅁㅎㅈ,지금 저기 뭐 해줘,teacher_generator,0,review,
dev,environment,ㅈㄱㅈㅇㅎㅎㅈ,지금 조용히 해줘,teacher_generator,0,review,
dev,environment,ㅈㄱㅈㅇㅎㅎㅈ,저기 조용히 해줘,teacher_generator,0,review,
dev,environment,ㅈㄱㅈㅇㅎㅎㅈ,자기 조용히 해줘,teacher_generator,0,review,
dev,environment,ㅈㄱㅈㅇㅎㅎㅈ,제게 조용히 해줘,teacher_generator,0,review,
dev,basic_request,ㅈㄱㅊㅇㅈ,조금 찾아줘,teacher_generator,0,review,
dev,basic_request,ㅈㄱㅊㅇㅈ,조금 치워줘,teacher_generator,0,review,
dev,basic_request,ㅈㄱㅊㅇㅈ,조금 참아줘,teacher_generator,0,review,
dev,basic_request,ㅈㄱㅊㅇㅈ,지금 찾아줘,teacher_generator,0,review,
dev,basic_request,ㅈㄱㅊㅇㅈ,지금 치워줘,teacher_generator,0,review,
dev,basic_request,ㅈㄱㅊㅇㅈ,지금 참아줘,teacher_generator,0,review,
dev,basic_request,ㅈㄱㅊㅇㅈ,저기 찾아줘,teacher_generator,0,review,
dev,basic_request,ㅈㄱㅊㅇㅈ,저기 치워줘,teacher_generator,0,review,
dev,basic_request,ㅈㄱㅊㅇㅈ,저기 참아줘,teacher_generator,0,review,
dev,basic_request,ㅈㄱㅊㅇㅈ,주고 찾아줘,teacher_generator,0,review,
dev,basic_request,ㅈㄱㅊㅇㅈ,주고 치워줘,teacher_generator,0,review,
dev,basic_request,ㅈㄱㅊㅇㅈ,전국 참여자,teacher_generator,0,review,
dev,basic_request,ㅈㄱㅊㅇㅈ,중간 참여자,teacher_generator,0,review,
dev,basic_request,ㅈㄱㅊㅇㅈ,전기 차이점,teacher_generator,0,review,
dev,basic_request,ㅈㄱㅊㅇㅈ,자격 참여자,teacher_generator,0,review,
dev,basic_request,ㅈㄱㅊㅇㅈ,제게 찾아줘,teacher_generator,0,review,
train,basic_request,ㅈㄱㅊㅊㅎㅎㅈ,지금 천천히 해줘,teacher_generator,0,review,
train,basic_request,ㅈㄱㅊㅊㅎㅎㅈ,지금 천천히 하자,teacher_generator,0,review,
train,basic_request,ㅈㄱㅊㅊㅎㅎㅈ,지금 천천히 하지,teacher_generator,0,review,
train,basic_request,ㅈㄱㅊㅊㅎㅎㅈ,조금 천천히 하자,teacher_generator,0,review,
train,basic_request,ㅈㄱㅊㅊㅎㅎㅈ,조금 천천히 하지,teacher_generator,0,review,
train,basic_request,ㅈㄱㅊㅊㅎㅎㅈ,저기 천천히 해줘,teacher_generator,0,review,
train,basic_request,ㅈㄱㅊㅊㅎㅎㅈ,저기 천천히 하자,teacher_generator,0,review,
train,basic_request,ㅈㄱㅊㅊㅎㅎㅈ,저기 천천히 하지,teacher_generator,0,review,
train,basic_request,ㅈㄱㅊㅊㅎㅎㅈ,지금 차차히 해줘,teacher_generator,0,review,
train,basic_request,ㅈㄱㅊㅊㅎㅎㅈ,지금 차차히 하자,teacher_generator,0,review,
train,basic_request,ㅈㄱㅊㅊㅎㅎㅈ,지금 차차히 하지,teacher_generator,0,review,
train,basic_request,ㅈㄱㅊㅊㅎㅎㅈ,조금 차차히 해줘,teacher_generator,0,review,
train,basic_request,ㅈㄱㅊㅊㅎㅎㅈ,조금 차차히 하자,teacher_generator,0,review,
train,basic_request,ㅈㄱㅊㅊㅎㅎㅈ,조금 차차히 하지,teacher_generator,0,review,
train,basic_request,ㅈㄱㅊㅊㅎㅎㅈ,저기 차차히 해줘,teacher_generator,0,review,
train,communication_control,ㅈㄱㅋㄱㅁㅎㅈ,제가 큰 건 뭐 하죠,teacher_generator,0,review,
train,communication_control,ㅈㄱㅋㄱㅁㅎㅈ,제가 큰 걸 뭐 하죠,teacher_generator,0,review,
train,communication_control,ㅈㄱㅋㄱㅁㅎㅈ,제가 큰 게 뭐 하죠,teacher_generator,0,review,
train,communication_control,ㅈㄱㅋㄱㅁㅎㅈ,제가 큰 거 뭐 하죠,teacher_generator,0,review,
train,communication_control,ㅈㄱㅋㄱㅁㅎㅈ,제가 큰 곳 뭐 하죠,teacher_generator,0,review,
train,communication_control,ㅈㄱㅋㄱㅁㅎㅈ,저기 큰 건 뭐 하죠,teacher_generator,0,review,
train,communication_control,ㅈㄱㅋㄱㅁㅎㅈ,저기 큰 걸 뭐 하죠,teacher_generator,0,review,
train,communication_control,ㅈㄱㅋㄱㅁㅎㅈ,저기 큰 게 뭐 하죠,teacher_generator,0,review,
train,communication_control,ㅈㄱㅋㄱㅁㅎㅈ,저기 큰 거 뭐 하죠,teacher_generator,0,review,
train,communication_control,ㅈㄱㅋㄱㅁㅎㅈ,저기 큰 곳 뭐 하죠,teacher_generator,0,review,
train,communication_control,ㅈㄱㅋㄱㅁㅎㅈ,지금 큰 건 뭐 하죠,teacher_generator,0,review,
train,communication_control,ㅈㄱㅋㄱㅁㅎㅈ,지금 큰 걸 뭐 하죠,teacher_generator,0,review,
train,communication_control,ㅈㄱㅋㄱㅁㅎㅈ,지금 큰 게 뭐 하죠,teacher_generator,0,review,
train,communication_control,ㅈㄱㅋㄱㅁㅎㅈ,지금 큰 거 뭐 하죠,teacher_generator,0,review,
train,emotion_needs,ㅈㄲㅎㅈㅇㄱㅅㅇ,"잠깐 해줘요, 가세요",teacher_generator,0,review,
train,emotion_needs,ㅈㄲㅎㅈㅇㄱㅅㅇ,"잠깐 해줘요, 가셔요",teacher_generator,0,review,
train,emotion_needs,ㅈㄲㅎㅈㅇㄱㅅㅇ,"잠깐 해줘요, 가시오",teacher_generator,0,review,
train,emotion_needs,ㅈㄲㅎㅈㅇㄱㅅㅇ,"잠깐 해줘요, 가서요",teacher_generator,0,review,
train,emotion_needs,ㅈㄲㅎㅈㅇㄱㅅㅇ,"잠깐 해줘요, 계세요",teacher_generator,0,review,
train,emotion_needs,ㅈㄲㅎㅈㅇㄱㅅㅇ,"잠깐 하지요, 가세요",teacher_generator,0,review,
train,emotion_needs,ㅈㄲㅎㅈㅇㄱㅅㅇ,"잠깐 하지요, 가셔요",teacher_generator,0,review,
train,emotion_needs,ㅈㄲㅎㅈㅇㄱㅅㅇ,"잠깐 하지요, 가시오",teacher_generator,0,review,
train,emotion_needs,ㅈㄲㅎㅈㅇㄱㅅㅇ,"잠깐 하지요, 계세요",teacher_generator,0,review,
train,schedule_time,ㅈㄴㅇㄴㄴㄱㅇ,저는 오늘 늦게 와,teacher_generator,0,review,
train,schedule_time,ㅈㄴㅇㄴㄴㄱㅇ,저는 오늘 늦게요,teacher_generator,0,review,
train,schedule_time,ㅈㄴㅇㄴㄴㄱㅇ,저는 오늘 늦게야,teacher_generator,0,review,
train,schedule_time,ㅈㄴㅇㄴㄴㄱㅇ,저는 오늘 눈 감아,teacher_generator,0,review,
train,schedule_time,ㅈㄴㅇㄴㄴㄱㅇ,저는 오늘 눈 감요,teacher_generator,0,review,
train,schedule_time,ㅈㄴㅇㄴㄴㄱㅇ,저는 오늘 내게 와,teacher_generator,0,review,
train,schedule_time,ㅈㄴㅇㄴㄴㄱㅇ,저는 오늘 네게 와,teacher_generator,0,review,
train,schedule_time,ㅈㄴㅇㄴㄴㄱㅇ,저는 오늘 누가 와,teacher_generator,0,review,
train,social,ㅈㅁㄱㅁㅇㅇ,정말 그만 울어,teacher_generator,0,review,
train,social,ㅈㅁㄱㅁㅇㅇ,정말 그만 웃어,teacher_generator,0,review,
train,social,ㅈㅁㄱㅁㅇㅇ,정말 그만 와요,teacher_generator,0,review,
train,social,ㅈㅁㄱㅁㅇㅇ,정말 그만 앉아,teacher_generator,0,review,
train,social,ㅈㅁㄱㅁㅇㅇ,정말 그만 있어,teacher_generator,0,review,
train,social,ㅈㅁㄱㅁㅇㅇ,정말 그만 열어,teacher_generator,0,review,
train,social,ㅈㅁㄱㅁㅇㅇ,정말 그만 읽어,teacher_generator,0,review,
train,social,ㅈㅁㄱㅁㅇㅇ,정말 그만 입어,teacher_generator,0,review,
train,social,ㅈㅁㄱㅁㅇㅇ,저만 가만 있어,teacher_generator,0,review,
train,social,ㅈㅁㄱㅁㅇㅇ,저만 가만 앉아,teacher_generator,0,review,
train,social,ㅈㅁㄱㅁㅇㅇ,저 말고 뭐 있어,teacher_generator,0,review,
train,social,ㅈㅁㄱㅁㅇㅇ,저 말고 뭐예요,teacher_generator,0,review,
train,social,ㅈㅁㄱㅁㅇㅇ,제 말 그만 와요,teacher_generator,0,review,
train,social,ㅈㅁㄱㅁㅇㅇ,제 말 그만 읽어,teacher_generator,0,review,
train,social,ㅈㅁㄱㅁㅇㅇ,제 말 그만 열어,teacher_generator,0,review,
train,social,ㅈㅁㄱㅁㅇㅇ,제 말 그만 웃어,teacher_generator,0,review,
train,questions_answers,ㅈㅁㄹㄱㅇ,정말로 가요,teacher_generator,0,review,
train,questions_answers,ㅈㅁㄹㄱㅇ,잘 모르고요,teacher_generator,0,review,
train,questions_answers,ㅈㅁㄹㄱㅇ,좀 멀리 가요,teacher_generator,0,review,
train,questions_answers,ㅈㅁㄹㄱㅇ,좀 말리고요,teacher_generator,0,review,
train,questions_answers,ㅈㅁㄹㄱㅇ,좀 밀리고요,teacher_generator,0,review,
train,questions_answers,ㅈㅁㄹㄱㅇ,좀 몰리고요,teacher_generator,0,review,
train,questions_answers,ㅈㅁㄹㄱㅇ,저 멀리 가요,teacher_generator,0,review,
train,questions_answers,ㅈㅁㄹㄱㅇ,저 말로 가요,teacher_generator,0,review,
train,questions_answers,ㅈㅁㄹㄱㅇ,저 물로 가요,teacher_generator,0,review,
train,questions_answers,ㅈㅁㄹㄱㅇ,제 말로 가요,teacher_generator,0,review,
train,questions_answers,ㅈㅁㄹㄱㅇ,주말로 가요,teacher_generator,0,review,
train,questions_answers,ㅈㅁㄹㄱㅇ,좀 말로 가요,teacher_generator,0,review,
train,social,ㅈㅁㅂㄱㅅㅇㅇ,정말 보고 싶어요,teacher_generator,0,review,
train,social,ㅈㅁㅂㄱㅅㅇㅇ,정말 뵙고 싶어요,teacher_generator,0,review,
train,social,ㅈㅁㅂㄱㅅㅇㅇ,저만 보고 싶어요,teacher_generator,0,review,
train,social,ㅈㅁㅂㄱㅅㅇㅇ,저 문 보고 싶어요,teacher_generator,0,review,
train,social,ㅈㅁㅂㄱㅅㅇㅇ,주문 받고 싶어요,teacher_generator,0,review,
train,social,ㅈㅁㅂㄱㅅㅇㅇ,주문 보고 싶어요,teacher_generator,0,review,
train,social,ㅈㅁㅂㄱㅅㅇㅇ,정말 불고 싶어요,teacher_generator,0,review,
train,social,ㅈㅁㅂㄱㅅㅇㅇ,정말 벌고 싶어요,teacher_generator,0,review,
train,social,ㅈㅁㅂㄱㅅㅇㅇ,정말 빌고 싶어요,teacher_generator,0,review,
train,social,ㅈㅁㅂㄱㅅㅇㅇ,정말 붙고 싶어요,teacher_generator,0,review,
train,social,ㅈㅁㅂㄱㅅㅇㅇ,정말 벗고 싶어요,teacher_generator,0,review,
train,social,ㅈㅁㅂㄱㅅㅇㅇ,정말 빗고 싶어요,teacher_generator,0,review,
train,social,ㅈㅁㅂㄱㅅㅇㅇ,정말 붓고 싶어요,teacher_generator,0,review,
train,social,ㅈㅁㅂㄱㅅㅇㅇ,정말 볶고 싶어요,teacher_generator,0,review,
train,social,ㅈㅁㅂㄱㅅㅇㅇ,정말 밝고 싶어요,teacher_generator,0,review,
train,social,ㅈㅁㅂㄱㅅㅇㅇ,정말 박고 싶어요,teacher_generator,0,review,
train,environment,ㅈㅁㅇㄴㅇㅈ,정말 안 나오죠,teacher_generator,0,review,
train,environment,ㅈㅁㅇㄴㅇㅈ,정말 안 나왔죠,teacher_generator,0,review,
train,environment,ㅈㅁㅇㄴㅇㅈ,정말 안 남았죠,teacher_generator,0,review,
train,environment,ㅈㅁㅇㄴㅇㅈ,정말 안 넘었죠,teacher_generator,0,review,
train,environment,ㅈㅁㅇㄴㅇㅈ,정말 오늘이죠,teacher_generator,0,review,
train,environment,ㅈㅁㅇㄴㅇㅈ,정말 오늘은 좀,teacher_generator,0,review,
train,environment,ㅈㅁㅇㄴㅇㅈ,잠만요 나 이제,teacher_generator,0,review,
train,environment,ㅈㅁㅇㄴㅇㅈ,잠만요 너 이제,teacher_generator,0,review,
train,environment,ㅈㅁㅇㄴㅇㅈ,잠만요 내 일정,teacher_generator,0,review,
train,environment,ㅈㅁㅇㄴㅇㅈ,저만 아는 일정,teacher_generator,0,review,
train,environment,ㅈㅁㅇㄴㅇㅈ,저만 아는 의자,teacher_generator,0,review,
train,environment,ㅈㅁㅇㄴㅇㅈ,저만 아는 원장,teacher_generator,0,review,
train,environment,ㅈㅁㅇㄴㅇㅈ,주문이 나온 줄,teacher_generator,0,review,
train,environment,ㅈㅁㅇㄴㅊㅈ,정말 왜 날 찾죠?,teacher_generator,0,review,
train,environment,ㅈㅁㅇㄴㅊㅈ,정말 왜 날 찾지?,teacher_generator,0,review,
train,environment,ㅈㅁㅇㄴㅊㅈ,정말 왜 나 찾죠?,teacher_generator,0,review,
train,environment,ㅈㅁㅇㄴㅊㅈ,정말 왜 나 찾지?,teacher_generator,0,review,
train,environment,ㅈㅁㅇㄴㅊㅈ,정말 왜 널 찾죠?,teacher_generator,0,review,
train,environment,ㅈㅁㅇㄴㅊㅈ,정말 왜 널 찾지?,teacher_generator,0,review,
train,environment,ㅈㅁㅇㄴㅊㅈ,저만 왜 날 찾죠?,teacher_generator,0,review,
train,environment,ㅈㅁㅇㄴㅊㅈ,저만 왜 날 찾지?,teacher_generator,0,review,
train,environment,ㅈㅁㅇㄴㅊㅈ,"잠만요, 나 찾죠?",teacher_generator,0,review,
train,environment,ㅈㅁㅇㄴㅊㅈ,"잠만요, 나 찾지?",teacher_generator,0,review,
train,environment,ㅈㅁㅇㄴㅊㅈ,"잠만요, 내 차죠?",teacher_generator,0,review,
train,environment,ㅈㅁㅇㄴㅊㅈ,정말 왜 내 차죠?,teacher_generator,0,review,
train,environment,ㅈㅁㅇㄴㅊㅈ,저만의 눈치죠,teacher_generator,0,review,
train,environment,ㅈㅁㅇㄴㅊㅈ,저만의 눈치지,teacher_generator,0,review,
train,environment,ㅈㅁㅇㄴㅊㅈ,제 말은 나 찾죠,teacher_generator,0,review,
train,environment,ㅈㅁㅇㄴㅊㅈ,제 말은 나 찾지,teacher_generator,0,review,
dev,communication_control,ㅈㅁㅇㄷㅅㅎㅈ,정말 어디서 하죠,teacher_generator,0,review,
dev,communication_control,ㅈㅁㅇㄷㅅㅎㅈ,정말 어디서 하지,teacher_generator,0,review,
dev,communication_control,ㅈㅁㅇㄷㅅㅎㅈ,주문 어디서 하죠,teacher_generator,0,review,
dev,communication_control,ㅈㅁㅇㄷㅅㅎㅈ,주문 어디서 하지,teacher_generator,0,review,
dev,communication_control,ㅈㅁㅇㄷㅅㅎㅈ,질문 어디서 하죠,teacher_generator,0,review,
dev,communication_control,ㅈㅁㅇㄷㅅㅎㅈ,질문 어디서 하지,teacher_generator,0,review,
dev,communication_control,ㅈㅁㅇㄷㅅㅎㅈ,자막 어디서 하죠,teacher_generator,0,review,
dev,communication_control,ㅈㅁㅇㄷㅅㅎㅈ,자막 어디서 하지,teacher_generator,0,review,
dev,communication_control,ㅈㅁㅇㄷㅅㅎㅈ,조명 어디서 하죠,teacher_generator,0,review,
dev,communication_control,ㅈㅁㅇㄷㅅㅎㅈ,조명 어디서 하지,teacher_generator,0,review,
dev,communication_control,ㅈㅁㅇㄷㅅㅎㅈ,장면 어디서 하죠,teacher_generator,0,review,
dev,communication_control,ㅈㅁㅇㄷㅅㅎㅈ,장면 어디서 하지,teacher_generator,0,review,
dev,communication_control,ㅈㅁㅇㄷㅅㅎㅈ,지문 어디서 하죠,teacher_generator,0,review,
dev,communication_control,ㅈㅁㅇㄷㅅㅎㅈ,지문 어디서 하지,teacher_generator,0,review,
dev,communication_control,ㅈㅁㅇㄷㅅㅎㅈ,작명 어디서 하죠,teacher_generator,0,review,
dev,communication_control,ㅈㅁㅇㄷㅅㅎㅈ,작명 어디서 하지,teacher_generator,0,review,
train,social,ㅈㅁㅊㅎㅎ,지민 축하해,teacher_generator,0,review,
train,social,ㅈㅁㅊㅎㅎ,주민 축하해,teacher_generator,0,review,
train,social,ㅈㅁㅊㅎㅎ,자민 축하해,teacher_generator,0,review,
train,social,ㅈㅁㅊㅎㅎ,좀만 참ㅎㅎ,teacher_generator,0,review,
train,social,ㅈㅁㅊㅎㅎ,잠만 참ㅎㅎ,teacher_generator,0,review,
train,social,ㅈㅁㅊㅎㅎ,좀만 참 하하,teacher_generator,0,review,
train,social,ㅈㅁㅊㅎㅎ,잠만 참 하하,teacher_generator,0,review,
train,social,ㅈㅁㅊㅎㅎ,조만치 하하,teacher_generator,0,review,
train,social,ㅈㅁㅊㅎㅎ,장마철 하하,teacher_generator,0,review,
train,social,ㅈㅁㅊㅎㅎ,정말 참혹해,teacher_generator,0,review,
train,basic_request,ㅈㅅㅁㅊㅈ,잠시만 참자,teacher_generator,0,review,
train,basic_request,ㅈㅅㅁㅊㅈ,잠시만 쳐줘,teacher_generator,0,review,
train,basic_request,ㅈㅅㅁㅊㅈ,잠시 뭐 찾죠,teacher_generator,0,review,
train,basic_request,ㅈㅅㅁㅊㅈ,잠시 뭐 찾자,teacher_generator,0,review,
train,basic_request,ㅈㅅㅁㅊㅈ,주소만 쳐줘,teacher_generator,0,review,
train,basic_request,ㅈㅅㅁㅊㅈ,주소 뭐 찾죠,teacher_generator,0,review,
train,basic_request,ㅈㅅㅁㅊㅈ,주소 뭐 찾자,teacher_generator,0,review,
train,basic_request,ㅈㅅㅁㅊㅈ,장소 뭐 찾죠,teacher_generator,0,review,
train,basic_request,ㅈㅅㅁㅊㅈ,장소 뭐 찾자,teacher_generator,0,review,
train,basic_request,ㅈㅅㅁㅊㅈ,주식 뭐 찾죠,teacher_generator,0,review,
train,basic_request,ㅈㅅㅁㅊㅈ,주식 뭐 찾자,teacher_generator,0,review,
train,basic_request,ㅈㅅㅁㅊㅈ,지수 뭐 찾죠,teacher_generator,0,review,
train,basic_request,ㅈㅅㅁㅊㅈ,지수 뭐 찾자,teacher_generator,0,review,
train,basic_request,ㅈㅅㅁㅊㅈ,좌석 뭐 찾죠,teacher_generator,0,review,
train,basic_request,ㅈㅅㅁㅊㅈ,주사 맞춰줘,teacher_generator,0,review,
train,schedule_time,ㅈㅅㅇㅇㅈㅁㅇ,"좀 쉬어요, 저만요",teacher_generator,0,review,
train,schedule_time,ㅈㅅㅇㅇㅈㅁㅇ,"좀 쉬어요, 저만 와",teacher_generator,0,review,
train,schedule_time,ㅈㅅㅇㅇㅈㅁㅇ,"잠시 와요, 저만요",teacher_generator,0,review,
train,schedule_time,ㅈㅅㅇㅇㅈㅁㅇ,"잠시 와요, 저만 와",teacher_generator,0,review,
train,schedule_time,ㅈㅅㅇㅇㅈㅁㅇ,"잘 쉬어요, 저만요",teacher_generator,0,review,
train,food_drink,ㅈㅅㅈㅈ,재생 중지,teacher_generator,0,review,
train,food_drink,ㅈㅅㅈㅈ,전송 중지,teacher_generator,0,review,
train,food_drink,ㅈㅅㅈㅈ,접속 중지,teacher_generator,0,review,
train,food_drink,ㅈㅅㅈㅈ,주소 지정,teacher_generator,0,review,
train,food_drink,ㅈㅅㅈㅈ,장소 지정,teacher_generator,0,review,
train,food_drink,ㅈㅅㅈㅈ,좌석 지정,teacher_generator,0,review,
train,food_drink,ㅈㅅㅈㅈ,자세 조정,teacher_generator,0,review,
train,food_drink,ㅈㅅㅈㅈ,자세 조절,teacher_generator,0,review,
train,food_drink,ㅈㅅㅈㅈ,즉시 조정,teacher_generator,0,review,
train,food_drink,ㅈㅅㅈㅈ,정식 지정,teacher_generator,0,review,
train,food_drink,ㅈㅅㅈㅈ,정시 지정,teacher_generator,0,review,
train,food_drink,ㅈㅅㅈㅈ,저 사진 줘,teacher_generator,0,review,
train,food_drink,ㅈㅅㅈㅈ,저 사전 줘,teacher_generator,0,review,
train,food_drink,ㅈㅅㅈㅈ,저 상자 줘,teacher_generator,0,review,
train,food_drink,ㅈㅅㅈㅈ,저 수저 줘,teacher_generator,0,review,
train,food_drink,ㅈㅅㅈㅈ,잠시 좀 자,teacher_generator,0,review,
train,emotion_needs,ㅈㅇㅃㄹㄱㄱㅅㅇ,저요 빨리 가고 싶어,teacher_generator,0,review,
train,emotion_needs,ㅈㅇㅃㄹㄱㄱㅅㅇ,제일 빨리 가고 싶어,teacher_generator,0,review,
train,emotion_needs,ㅈㅇㅃㄹㄱㄱㅅㅇ,좋아 빨리 가고 싶어,teacher_generator,0,review,
train,emotion_needs,ㅈㅇㅃㄹㄱㄱㅅㅇ,저야 빨리 가고 싶어,teacher_generator,0,review,
train,food_drink,ㅈㅈㄱㅈ,저 좀 가자,teacher_generator,0,review,
train,food_drink,ㅈㅈㄱㅈ,저 좀 가죠,teacher_generator,0,review,
train,food_drink,ㅈㅈㄱㅈ,저 집 가자,teacher_generator,0,review,
train,food_drink,ㅈㅈㄱㅈ,저 집 가죠,teacher_generator,0,review,
train,food_drink,ㅈㅈㄱㅈ,전 좀 가자,teacher_generator,0,review,
train,food_drink,ㅈㅈㄱㅈ,전 좀 가죠,teacher_generator,0,review,
train,food_drink,ㅈㅈㄱㅈ,저 잘 가줘,teacher_generator,0,review,
train,food_drink,ㅈㅈㄱㅈ,잘 좀 가줘,teacher_generator,0,review,
train,food_drink,ㅈㅈㄱㅈ,짐 좀 가져,teacher_generator,0,review,
train,food_drink,ㅈㅈㄱㅈ,짐 잘 가져,teacher_generator,0,review,
train,food_drink,ㅈㅈㄱㅈ,잔 좀 가져,teacher_generator,0,review,
train,food_drink,ㅈㅈㄱㅈ,장 좀 가자,teacher_generator,0,review,
train,food_drink,ㅈㅈㄱㅈ,좀 잘 가져,teacher_generator,0,review,
train,food_drink,ㅈㅈㄱㅈ,좀 잘 가줘,teacher_generator,0,review,
train,food_drink,ㅈㅈㄱㅈ,좀 잠가줘,teacher_generator,0,review,
train,food_drink,ㅈㅈㄱㅈ,저 좀 긁죠,teacher_generator,0,review,
train,social,ㅈㅈㄴㅈ,저 좀 늦죠,teacher_generator,0,review,
train,social,ㅈㅈㄴㅈ,저 좀 놀죠,teacher_generator,0,review,
train,social,ㅈㅈㄴㅈ,저 좀 놀자,teacher_generator,0,review,
train,social,ㅈㅈㄴㅈ,저 좀 눕죠,teacher_generator,0,review,
train,social,ㅈㅈㄴㅈ,저 좀 눕자,teacher_generator,0,review,
train,social,ㅈㅈㄴㅈ,저 좀 놔줘,teacher_generator,0,review,
train,social,ㅈㅈㄴㅈ,저 좀 놓죠,teacher_generator,0,review,
train,social,ㅈㅈㄴㅈ,저 좀 넣죠,teacher_generator,0,review,
train,social,ㅈㅈㄴㅈ,저 좀 내죠,teacher_generator,0,review,
train,social,ㅈㅈㄴㅈ,저 좀 나죠,teacher_generator,0,review,
train,social,ㅈㅈㄴㅈ,자주 늦죠,teacher_generator,0,review,
train,social,ㅈㅈㄴㅈ,자주 놀죠,teacher_generator,0,review,
train,social,ㅈㅈㄴㅈ,자주 눕죠,teacher_generator,0,review,
train,social,ㅈㅈㄴㅈ,자주 놓죠,teacher_generator,0,review,
train,social,ㅈㅈㄴㅈ,자주 넣죠,teacher_generator,0,review,
train,social,ㅈㅈㄴㅈ,주제 넘죠,teacher_generator,0,review,
dev,social,ㅈㅉㅇㄱㄷ,저쪽에 가다,teacher_generator,0,review,
dev,social,ㅈㅉㅇㄱㄷ,저쪽에 간다,teacher_generator,0,review,
dev,social,ㅈㅉㅇㄱㄷ,저쪽에 갔다,teacher_generator,0,review,
dev,social,ㅈㅉㅇㄱㄷ,저쪽에 건다,teacher_generator,0,review,
dev,social,ㅈㅉㅇㄱㄷ,저쪽에 긋다,teacher_generator,0,review,
dev,social,ㅈㅉㅇㄱㄷ,저쪽에 굳다,teacher_generator,0,review,
dev,social,ㅈㅉㅇㄱㄷ,저쪽에 긴다,teacher_generator,0,review,
dev,social,ㅈㅉㅇㄱㄷ,저쪽에 기대,teacher_generator,0,review,
dev,social,ㅈㅉㅇㄱㄷ,저쪽은 같다,teacher_generator,0,review,
dev,social,ㅈㅉㅇㄱㄷ,저쪽은 간다,teacher_generator,0,review,
dev,social,ㅈㅉㅇㄱㄷ,저쪽은 가도,teacher_generator,0,review,
dev,social,ㅈㅉㅇㄱㄷ,저쪽이 같다,teacher_generator,0,review,
dev,social,ㅈㅉㅇㄱㄷ,저쪽이 간다,teacher_generator,0,review,
dev,social,ㅈㅉㅇㄱㄷ,저쪽이 가도,teacher_generator,0,review,
dev,social,ㅈㅉㅇㄱㄷ,저쯤에 간다,teacher_generator,0,review,
dev,social,ㅈㅉㅇㄱㄷ,저쯤에 갔다,teacher_generator,0,review,
dev,device_control,ㅈㅎㄲㅇㅈ,"잘해, 꼭 오자",teacher_generator,0,review,
dev,device_control,ㅈㅎㄲㅇㅈ,"잘해, 꼭 와줘",teacher_generator,0,review,
dev,device_control,ㅈㅎㄲㅇㅈ,"잘해, 꼭 웃자",teacher_generator,0,review,
dev,device_control,ㅈㅎㄲㅇㅈ,"잘해, 꼭 잊자",teacher_generator,0,review,
dev,device_control,ㅈㅎㄲㅇㅈ,"좀 해, 꼭 오자",teacher_generator,0,review,
dev,device_control,ㅈㅎㄲㅇㅈ,"좀 해, 꼭 와줘",teacher_generator,0,review,
dev,device_control,ㅈㅎㄲㅇㅈ,"좀 해, 꼭 웃자",teacher_generator,0,review,
dev,device_control,ㅈㅎㄲㅇㅈ,"좀 해, 꼭 잊자",teacher_generator,0,review,
dev,device_control,ㅈㅎㄲㅇㅈ,"좀 할까, 오자",teacher_generator,0,review,
dev,device_control,ㅈㅎㄲㅇㅈ,"좀 할까, 와줘",teacher_generator,0,review,
dev,device_control,ㅈㅎㄲㅇㅈ,"잘 할까, 오자",teacher_generator,0,review,
dev,device_control,ㅈㅎㄲㅇㅈ,"잘 할까, 와줘",teacher_generator,0,review,
dev,device_control,ㅈㅎㄲㅇㅈ,"정해, 꼭 오자",teacher_generator,0,review,
dev,device_control,ㅈㅎㄲㅇㅈ,"정해, 꼭 와줘",teacher_generator,0,review,
dev,device_control,ㅈㅎㄲㅇㅈ,"정해, 꼭 알자",teacher_generator,0,review,
dev,device_control,ㅈㅎㄲㅇㅈ,"정해, 꼭 잊지",teacher_generator,0,review,
train,device_control,ㅈㅎㅂㅇㅈ,좀 해봐야죠,teacher_generator,0,review,
train,device_control,ㅈㅎㅂㅇㅈ,잘 해봐야죠,teacher_generator,0,review,
train,device_control,ㅈㅎㅂㅇㅈ,정해 봐야죠,teacher_generator,0,review,
train,device_control,ㅈㅎㅂㅇㅈ,전화 붙여줘,teacher_generator,0,review,
train,device_control,ㅈㅎㅂㅇㅈ,전화 봐야죠,teacher_generator,0,review,
train,device_control,ㅈㅎㅂㅇㅈ,전화 보이죠,teacher_generator,0,review,
train,device_control,ㅈㅎㅂㅇㅈ,중 한 분이죠,teacher_generator,0,review,
train,device_control,ㅈㅎㅂㅇㅈ,제한 범위죠,teacher_generator,0,review,
train,device_control,ㅈㅎㅂㅇㅈ,정한 바 있죠,teacher_generator,0,review,
train,device_control,ㅈㅎㅂㅇㅈ,잘 한 분이죠,teacher_generator,0,review,
train,device_control,ㅈㅎㅂㅇㅈ,저 한 번 와줘,teacher_generator,0,review,
train,device_control,ㅈㅎㅂㅇㅈ,저 한 번 오죠,teacher_generator,0,review,
train,device_control,ㅈㅎㅂㅇㅈ,잘 해보이죠,teacher_generator,0,review,
train,device_control,ㅈㅎㅂㅇㅈ,좀 해보이죠,teacher_generator,0,review,
train,communication_control,ㅉㄱㅅㅁㅎㅈ,쪼금 설명해줘,teacher_generator,0,review,
train,communication_control,ㅉㄱㅅㅁㅎㅈ,쭉 가서 말해줘,teacher_generator,0,review,
train,communication_control,ㅉㄱㅅㅁㅎㅈ,쫌 가서 말해줘,teacher_generator,0,review,
train,communication_control,ㅉㄱㅅㅁㅎㅈ,쭉 가서 뭐 하지,teacher_generator,0,review,
train,communication_control,ㅉㄱㅅㅁㅎㅈ,쫌 가서 뭐 하지,teacher_generator,0,review,
train,communication_control,ㅉㄱㅅㅁㅎㅈ,쪼개서 말해줘,teacher_generator,0,review,
train,communication_control,ㅉㄱㅅㅁㅎㅈ,쪼개서 뭐 하지,teacher_generator,0,review,
train,communication_control,ㅉㄱㅅㅁㅎㅈ,쪼개서 뭐 해줘,teacher_generator,0,review,
train,communication_control,ㅉㄱㅅㅁㅎㅈ,쫓겨서 뭐 하지,teacher_generator,0,review,
train,communication_control,ㅉㄱㅅㅁㅎㅈ,쪼금 사면 해줘,teacher_generator,0,review,
train,communication_control,ㅉㄱㅅㅁㅎㅈ,쪼금 쉬면 해줘,teacher_generator,0,review,
train,communication_control,ㅉㄱㅅㅁㅎㅈ,쪼금 쉬며 해줘,teacher_generator,0,review,
train,communication_control,ㅉㄱㅅㅁㅎㅈ,쭉 가서 뭐 해줘,teacher_generator,0,review,
train,communication_control,ㅉㄱㅅㅁㅎㅈ,쫙 가서 말해줘,teacher_generator,0,review,
train,social,ㅊㄱㅇㄱㅇㄹㅎㅈ,친구에게 연락하자,teacher_generator,0,review,
train,social,ㅊㄱㅇㄱㅇㄹㅎㅈ,친구에게 연락하죠,teacher_generator,0,review,
train,social,ㅊㄱㅇㄱㅇㄹㅎㅈ,친구에게 연락해 줄,teacher_generator,0,review,
train,social,ㅊㄱㅇㄱㅇㄹㅎㅈ,친구에게 연락하지,teacher_generator,0,review,
train,social,ㅊㄱㅇㄱㅇㄹㅎㅈ,친구에게 연락했지,teacher_generator,0,review,
train,social,ㅊㄱㅇㄱㅇㄹㅎㅈ,친구에게 연락했죠,teacher_generator,0,review,
train,social,ㅊㄱㅇㄱㅇㄹㅎㅈ,친구에게 연락할지,teacher_generator,0,review,
train,social,ㅊㄱㅇㄱㅇㄹㅎㅈ,친구에게 연락할 줄,teacher_generator,0,review,
train,social,ㅊㄱㅇㄱㅇㄹㅎㅈ,친구에게 연락한 적,teacher_generator,0,review,
train,social,ㅊㄱㅇㄱㅇㄹㅎㅈ,친구에게 연락한 지,teacher_generator,0,review,
dev,device_control,ㅊㄴㅂㄲㅈ,차는 바꿔줘,teacher_generator,0,review,
dev,device_control,ㅊㄴㅂㄲㅈ,초는 바꿔줘,teacher_generator,0,review,
dev,device_control,ㅊㄴㅂㄲㅈ,추는 바꿔줘,teacher_generator,0,review,
dev,device_control,ㅊㄴㅂㄲㅈ,채는 바꿔줘,teacher_generator,0,review,
dev,device_control,ㅊㄴㅂㄲㅈ,첫날 바꿔줘,teacher_generator,0,review,
dev,device_control,ㅊㄴㅂㄲㅈ,첫눈 바꿔줘,teacher_generator,0,review,
dev,device_control,ㅊㄴㅂㄲㅈ,찾는 분께 줘,teacher_generator,0,review,
dev,device_control,ㅊㄴㅂㄲㅈ,찾는 분껄 줘,teacher_generator,0,review,
dev,device_control,ㅊㄴㅂㄲㅈ,참 너 바꿔줘,teacher_generator,0,review,
dev,device_control,ㅊㄴㅂㄲㅈ,차는 바뀌죠,teacher_generator,0,review,
dev,device_control,ㅊㄴㅂㄲㅈ,첫날 바뀌죠,teacher_generator,0,review,
dev,device_control,ㅊㄴㅂㄲㅈ,첫눈 바뀌죠,teacher_generator,0,review,
train,environment,ㅊㅁㅈㄷㅇㅈ,참 뭐 좀 더 있죠,teacher_generator,0,review,
train,environment,ㅊㅁㅈㄷㅇㅈ,참 뭐죠 더 있죠,teacher_generator,0,review,
train,environment,ㅊㅁㅈㄷㅇㅈ,참 맞죠 더 있죠,teacher_generator,0,review,
train,environment,ㅊㅁㅈㄷㅇㅈ,참 맛집도 있죠,teacher_generator,0,review,
train,environment,ㅊㅁㅈㄷㅇㅈ,참 멋진 데 있죠,teacher_generator,0,review,
train,environment,ㅊㅁㅈㄷㅇㅈ,참 문제도 있죠,teacher_generator,0,review,
train,environment,ㅊㅁㅈㄷㅇㅈ,참 목적도 있죠,teacher_generator,0,review,
train,environment,ㅊㅁㅈㄷㅇㅈ,참 문장도 있죠,teacher_generator,0,review,
train,environment,ㅊㅁㅈㄷㅇㅈ,천만 정도 있죠,teacher_generator,0,review,
train,environment,ㅊㅁㅈㄷㅇㅈ,칠만 정도 있죠,teacher_generator,0,review,
train,environment,ㅊㅁㅈㄷㅇㅈ,천만 주도 있죠,teacher_generator,0,review,
train,environment,ㅊㅁㅈㄷㅇㅈ,칠만 주도 있죠,teacher_generator,0,review,
train,environment,ㅊㅁㅈㄷㅇㅈ,천만 정도이죠,teacher_generator,0,review,
train,environment,ㅊㅁㅈㄷㅇㅈ,첫 매장도 있죠,teacher_generator,0,review,
train,environment,ㅊㅁㅈㄷㅇㅈ,초면 좀 더 있죠,teacher_generator,0,review,
train,environment,ㅊㅁㅈㄷㅇㅈ,최면제도 있죠,teacher_generator,0,review,
train,environment,ㅊㅁㅈㅇㅇㅈ,차 문 좀 열어줘,teacher_generator,0,review,
train,environment,ㅊㅁㅈㅇㅇㅈ,책만 좀 읽어줘,teacher_generator,0,review,
train,environment,ㅊㅁㅈㅇㅇㅈ,치마 좀 입어줘,teacher_generator,0,review,
train,environment,ㅊㅁㅈㅇㅇㅈ,첫 말 좀 읽어줘,teacher_generator,0,review,
train,environment,ㅊㅁㅈㅇㅇㅈ,첫 문 좀 열어줘,teacher_generator,0,review,
train,environment,ㅊㅁㅈㅇㅇㅈ,첫 문 좀 읽어줘,teacher_generator,0,review,
train,environment,ㅊㅁㅈㅇㅇㅈ,찬물 좀 얻어줘,teacher_generator,0,review,
train,communication_control,ㅊㅂㅉㄹㅎㄱ,첫 번째로 하고,teacher_generator,0,review,
train,communication_control,ㅊㅂㅉㄹㅎㄱ,첫 번째로 한 건,teacher_generator,0,review,
train,communication_control,ㅊㅂㅉㄹㅎㄱ,첫 번째로 한 것,teacher_generator,0,review,
train,communication_control,ㅊㅂㅉㄹㅎㄱ,첫 번째로 할 것,teacher_generator,0,review,
train,communication_control,ㅊㅂㅉㄹㅎㄱ,첫 번째로 할 거,teacher_generator,0,review,
train,communication_control,ㅊㅂㅉㄹㅎㄱ,첫 번째를 할게,teacher_generator,0,review,
train,communication_control,ㅊㅂㅉㄹㅎㄱ,첫 번째를 하고,teacher_generator,0,review,
train,communication_control,ㅊㅂㅉㄹㅎㄱ,첫 번째를 한 건,teacher_generator,0,review,
train,communication_control,ㅊㅂㅉㄹㅎㄱ,첫 번째를 한 것,teacher_generator,0,review,
train,communication_control,ㅊㅂㅉㄹㅎㄱ,첫 번째를 할 건,teacher_generator,0,review,
train,communication_control,ㅊㅂㅉㄹㅎㄱ,첫 번째를 할 거,teacher_generator,0,review,
train,communication_control,ㅊㅂㅉㄹㅎㄱ,첫 번째랑 할게,teacher_generator,0,review,
train,communication_control,ㅊㅂㅉㄹㅎㄱ,첫 번째랑 하고,teacher_generator,0,review,
train,communication_control,ㅊㅂㅉㄹㅎㄱ,첫 번째랑 한 건,teacher_generator,0,review,
train,communication_control,ㅊㅂㅉㄹㅎㄱ,첫 번째랑 한 것,teacher_generator,0,review,
train,communication_control,ㅊㅇㅂㅌㄷㅅㅎㄱ,처음부터 다시 하고,teacher_generator,0,review,
train,communication_control,ㅊㅇㅂㅌㄷㅅㅎㄱ,처음부터 다시 하긴,teacher_generator,0,review,
train,communication_control,ㅊㅇㅂㅌㄷㅅㅎㄱ,처음부터 다시 한 거,teacher_generator,0,review,
train,communication_control,ㅊㅇㅂㅌㄷㅅㅎㄱ,처음부터 다시 한 건,teacher_generator,0,review,
train,communication_control,ㅊㅇㅂㅌㄷㅅㅎㄱ,처음부터 다시 하기,teacher_generator,0,review,
train,communication_control,ㅊㅇㅂㅌㄷㅅㅎㄱ,처음부터 다시 하게,teacher_generator,0,review,
train,communication_control,ㅊㅇㅂㅌㄷㅅㅎㄱ,처음부터 다시 하길,teacher_generator,0,review,
train,communication_control,ㅊㅇㅂㅌㄷㅅㅎㄱ,처음부터 다시 하곤,teacher_generator,0,review,
train,communication_control,ㅊㅇㅂㅌㄷㅅㅎㄱ,처음부터 다시 하겠,teacher_generator,0,review,
train,communication_control,ㅊㅇㅂㅌㄷㅅㅎㄱ,처음부터 대신 하고,teacher_generator,0,review,
train,communication_control,ㅊㅇㅂㅌㄷㅅㅎㄱ,처음부터 대신 할게,teacher_generator,0,review,
train,communication_control,ㅊㅇㅂㅌㄷㅅㅎㄱ,처음부터 대신 하긴,teacher_generator,0,review,
train,communication_control,ㅊㅇㅂㅌㄷㅅㅎㄱ,처음부터 대신 한 거,teacher_generator,0,review,
train,communication_control,ㅊㅇㅂㅌㄷㅅㅎㄱ,처음부터 대신 한 건,teacher_generator,0,review,
train,communication_control,ㅊㅇㅂㅌㄷㅅㅎㄱ,처음부터 대신 하게,teacher_generator,0,review,
train,device_control,ㅊㅈㄱㅇㄱㅎㅈ,"찾자, 그 얘기 하자",teacher_generator,0,review,
train,device_control,ㅊㅈㄱㅇㄱㅎㅈ,"찾지, 그 얘기 하자",teacher_generator,0,review,
train,device_control,ㅊㅈㄱㅇㄱㅎㅈ,"찾죠, 그 얘기 하죠",teacher_generator,0,review,
train,device_control,ㅊㅈㄱㅇㄱㅎㅈ,"찾죠, 그 얘기 하자",teacher_generator,0,review,
train,device_control,ㅊㅈㄱㅇㄱㅎㅈ,"치죠, 그 얘기 하죠",teacher_generator,0,review,
train,device_control,ㅊㅈㄱㅇㄱㅎㅈ,"치죠, 그 얘기 하자",teacher_generator,0,review,
train,device_control,ㅊㅈㄱㅇㄱㅎㅈ,"치자, 그 얘기 하자",teacher_generator,0,review,
train,device_control,ㅊㅈㄱㅇㄱㅎㅈ,"찾자, 그 얘기 해줘",teacher_generator,0,review,
train,device_control,ㅊㅈㄱㅇㄱㅎㅈ,"찾지, 그 얘기 해줘",teacher_generator,0,review,
train,device_control,ㅊㅈㄱㅇㄱㅎㅈ,"찾죠, 그 얘기 해줘",teacher_generator,0,review,
train,device_control,ㅊㅈㄱㅇㄱㅎㅈ,"치자, 그 얘기 해줘",teacher_generator,0,review,
train,device_control,ㅊㅈㄱㅇㄱㅎㅈ,차지? 그 얘기 하죠,teacher_generator,0,review,
train,food_drink,ㅊㅈㅈ,책 좀 줘,teacher_generator,0,review,
train,food_drink,ㅊㅈㅈ,치즈 좀,teacher_generator,0,review,
train,food_drink,ㅊㅈㅈ,치즈 줘,teacher_generator,0,review,
train,food_drink,ㅊㅈㅈ,참 잘 자,teacher_generator,0,review,
train,food_drink,ㅊㅈㅈ,참 좋지,teacher_generator,0,review,
train,food_drink,ㅊㅈㅈ,참 좋죠,teacher_generator,0,review,
train,food_drink,ㅊㅈㅈ,찾자 좀,teacher_generator,0,review,
train,food_drink,ㅊㅈㅈ,치자 좀,teacher_generator,0,review,
train,food_drink,ㅊㅈㅈ,참자 좀,teacher_generator,0,review,
train,food_drink,ㅊㅈㅈ,초점 좀,teacher_generator,0,review,
train,food_drink,ㅊㅈㅈ,책장 좀,teacher_generator,0,review,
train,food_drink,ㅊㅈㅈ,천장 좀,teacher_generator,0,review,
train,food_drink,ㅊㅈㅈ,체중 좀,teacher_generator,0,review,
train,food_drink,ㅊㅈㅈ,출장 중,teacher_generator,0,review,
train,food_drink,ㅊㅈㅈ,취직 좀,teacher_generator,0,review,
train,communication_control,ㅊㅊㅎㅅㅁㅎㅈ,천천히 소명해줘,teacher_generator,0,review,
train,communication_control,ㅊㅊㅎㅅㅁㅎㅈ,천천히 실명해줘,teacher_generator,0,review,
train,communication_control,ㅊㅊㅎㅅㅁㅎㅈ,차차 해석만 해줘,teacher_generator,0,review,
train,communication_control,ㅊㅊㅎㅅㅁㅎㅈ,차차 해설만 해줘,teacher_generator,0,review,
train,food_drink,ㅋㅇㄸㄹㅈ,큰애 또래죠,teacher_generator,0,review,
train,food_drink,ㅋㅇㄸㄹㅈ,큰애 또래지,teacher_generator,0,review,
train,food_drink,ㅋㅇㄸㄹㅈ,큰아 또래죠,teacher_generator,0,review,
train,food_drink,ㅋㅇㄸㄹㅈ,큰아 또래지,teacher_generator,0,review,
train,food_drink,ㅋㅇㄸㄹㅈ,콩이 또래죠,teacher_generator,0,review,
train,food_drink,ㅋㅇㄸㄹㅈ,콩이 또래지,teacher_generator,0,review,
train,food_drink,ㅋㅇㄸㄹㅈ,콩아 또래죠,teacher_generator,0,review,
train,food_drink,ㅋㅇㄸㄹㅈ,콩아 또래지,teacher_generator,0,review,
train,food_drink,ㅋㅇㄸㄹㅈ,케이 또래죠,teacher_generator,0,review,
train,food_drink,ㅋㅇㄸㄹㅈ,케이 또래지,teacher_generator,0,review,
train,food_drink,ㅋㅇㄸㄹㅈ,카야 또래죠,teacher_generator,0,review,
train,food_drink,ㅋㅇㄸㄹㅈ,카야 또래지,teacher_generator,0,review,
train,food_drink,ㅋㅈㅈ,켜지지,teacher_generator,0,review,
train,food_drink,ㅋㅈㅈ,켜지죠,teacher_generator,0,review,
train,food_drink,ㅋㅈㅈ,커지지,teacher_generator,0,review,
train,food_drink,ㅋㅈㅈ,커지죠,teacher_generator,0,review,
train,food_drink,ㅋㅈㅈ,커져 줘,teacher_generator,0,review,
train,food_drink,ㅋㅈㅈ,칼 좀 줘,teacher_generator,0,review,
train,food_drink,ㅋㅈㅈ,캔 좀 줘,teacher_generator,0,review,
train,food_drink,ㅋㅈㅈ,콩 좀 줘,teacher_generator,0,review,
train,food_drink,ㅋㅈㅈ,캡 좀 줘,teacher_generator,0,review,
train,food_drink,ㅋㅈㅈ,키 좀 줘,teacher_generator,0,review,
train,food_drink,ㅋㅈㅈ,칸 좀 줘,teacher_generator,0,review,
train,food_drink,ㅋㅈㅈ,코 좀 줘,teacher_generator,0,review,
train,food_drink,ㅋㅈㅈ,킥 좀 줘,teacher_generator,0,review,
train,food_drink,ㅋㅈㅈ,큰 집 줘,teacher_generator,0,review,
train,food_drink,ㅋㅈㅈ,칼질 좀,teacher_generator,0,review,
train,environment,ㅋㅌㅈㄷㅇㅈ,카톡 좀 도와줘,teacher_generator,0,review,
train,environment,ㅋㅌㅈㄷㅇㅈ,카톡 좀 들어줘,teacher_generator,0,review,
train,environment,ㅋㅌㅈㄷㅇㅈ,카톡 좀 담아줘,teacher_generator,0,review,
train,environment,ㅋㅌㅈㄷㅇㅈ,카톡 좀 덜어줘,teacher_generator,0,review,
train,environment,ㅋㅌㅈㄷㅇㅈ,커튼 좀 닦아줘,teacher_generator,0,review,
train,environment,ㅋㅌㅈㄷㅇㅈ,커튼 좀 달아줘,teacher_generator,0,review,
train,environment,ㅋㅌㅈㄷㅇㅈ,커튼 좀 들어줘,teacher_generator,0,review,
train,environment,ㅋㅌㅈㄷㅇㅈ,커튼 좀 도와줘,teacher_generator,0,review,
train,environment,ㅋㅌㅈㄷㅇㅈ,코트 좀 닫아줘,teacher_generator,0,review,
train,environment,ㅋㅌㅈㄷㅇㅈ,코트 좀 닦아줘,teacher_generator,0,review,
train,environment,ㅋㅌㅈㄷㅇㅈ,코트 좀 달아줘,teacher_generator,0,review,
train,environment,ㅋㅌㅈㄷㅇㅈ,코트 좀 들어줘,teacher_generator,0,review,
train,environment,ㅋㅌㅈㄷㅇㅈ,키트 좀 담아줘,teacher_generator,0,review,
train,environment,ㅋㅌㅈㄷㅇㅈ,키트 좀 덜어줘,teacher_generator,0,review,
train,environment,ㅋㅌㅈㄷㅇㅈ,키트 좀 들어줘,teacher_generator,0,review,
dev,environment,ㅋㅌㅈㅇㅇㅈ,카톡 좀 열어줘,teacher_generator,0,review,
dev,environment,ㅋㅌㅈㅇㅇㅈ,카톡 좀 읽어줘,teacher_generator,0,review,
dev,environment,ㅋㅌㅈㅇㅇㅈ,카톡 좀 이어줘,teacher_generator,0,review,
dev,environment,ㅋㅌㅈㅇㅇㅈ,카톡 좀 잊어줘,teacher_generator,0,review,
dev,environment,ㅋㅌㅈㅇㅇㅈ,코트 좀 입어줘,teacher_generator,0,review,
dev,environment,ㅋㅌㅈㅇㅇㅈ,키트 좀 입어줘,teacher_generator,0,review,
dev,environment,ㅋㅌㅈㅇㅇㅈ,큰 틀 좀 알아줘,teacher_generator,0,review,
dev,food_drink,ㅋㅍㅈㅈ,커피 주죠,teacher_generator,0,review,
dev,food_drink,ㅋㅍㅈㅈ,커피 주자,teacher_generator,0,review,
dev,food_drink,ㅋㅍㅈㅈ,커피 주지,teacher_generator,0,review,
dev,food_drink,ㅋㅍㅈㅈ,커피잔 줘,teacher_generator,0,review,
dev,food_drink,ㅋㅍㅈㅈ,커피잔 좀,teacher_generator,0,review,
dev,food_drink,ㅋㅍㅈㅈ,카페 좀 줘,teacher_generator,0,review,
dev,food_drink,ㅋㅍㅈㅈ,카페 주죠,teacher_generator,0,review,
dev,food_drink,ㅋㅍㅈㅈ,카페 주자,teacher_generator,0,review,
dev,food_drink,ㅋㅍㅈㅈ,카페 주지,teacher_generator,0,review,
dev,food_drink,ㅋㅍㅈㅈ,쿠폰 좀 줘,teacher_generator,0,review,
dev,food_drink,ㅋㅍㅈㅈ,쿠폰 주죠,teacher_generator,0,review,
dev,food_drink,ㅋㅍㅈㅈ,쿠폰 주자,teacher_generator,0,review,
dev,food_drink,ㅋㅍㅈㅈ,쿠폰 주지,teacher_generator,0,review,
dev,food_drink,ㅋㅍㅈㅈ,코피 좀 줘,teacher_generator,0,review,
dev,food_drink,ㅋㅍㅈㅈ,코피 주죠,teacher_generator,0,review,
train,device_control,ㅌㄹㅂㅈㄲㅈ,"토론 보자, 껴줘",teacher_generator,0,review,
train,device_control,ㅌㄹㅂㅈㄲㅈ,"토론 봐줘, 껴줘",teacher_generator,0,review,
train,device_control,ㅌㄹㅂㅈㄲㅈ,토론 반장 껴줘,teacher_generator,0,review,
train,device_control,ㅌㄹㅂㅈㄲㅈ,토론 방장 껴줘,teacher_generator,0,review,
train,device_control,ㅌㄹㅂㅈㄲㅈ,토론방 좀 꺼줘,teacher_generator,0,review,
train,device_control,ㅌㄹㅂㅈㄲㅈ,토론방 좀 껴줘,teacher_generator,0,review,
train,device_control,ㅌㄹㅂㅈㄲㅈ,탈락 방지 껴줘,teacher_generator,0,review,
train,device_control,ㅌㄹㅂㅈㄲㅈ,탈락 방장 껴줘,teacher_generator,0,review,
train,device_control,ㅌㄹㅂㅈㄲㅈ,탈락 방 좀 껴줘,teacher_generator,0,review,
train,device_control,ㅌㄹㅂㅈㄲㅈ,태리 밥 좀 껴줘,teacher_generator,0,review,
train,device_control,ㅌㄹㅂㅈㄲㅈ,토리 밥 좀 껴줘,teacher_generator,0,review,
train,device_control,ㅌㄹㅂㅈㄲㅈ,테라 밥 좀 껴줘,teacher_generator,0,review,
train,device_control,ㅌㄹㅂㅈㄲㅈ,태론 밥 좀 껴줘,teacher_generator,0,review,
train,device_control,ㅌㄹㅂㅈㄲㅈ,"토론 보자, 끝장",teacher_generator,0,review,
train,device_control,ㅌㄹㅂㅈㅋㅈ,토론방 좀 켜줘,teacher_generator,0,review,
train,device_control,ㅌㄹㅂㅈㅋㅈ,토론방 잘 켜줘,teacher_generator,0,review,
train,device_control,ㅌㄹㅂㅈㅋㅈ,토론방 좀 켜죠,teacher_generator,0,review,
train,device_control,ㅌㄹㅂㅈㅋㅈ,토론방 잘 켜죠,teacher_generator,0,review,
train,device_control,ㅌㄹㅂㅈㅋㅈ,토론방 좀 켜자,teacher_generator,0,review,
train,device_control,ㅌㄹㅂㅈㅋㅈ,토론방 잘 켜자,teacher_generator,0,review,
train,device_control,ㅌㄹㅂㅈㅋㅈ,토론방 좀 커져,teacher_generator,0,review,
train,device_control,ㅌㄹㅂㅈㅋㅈ,토론방 잘 커져,teacher_generator,0,review,
train,device_control,ㅌㄹㅂㅈㅋㅈ,탈락 방지 켜줘,teacher_generator,0,review,
train,device_control,ㅌㄹㅂㅈㅋㅈ,탈락 방지 켜죠,teacher_generator,0,review,
train,device_control,ㅌㄹㅂㅈㅋㅈ,탈락 방지 켜자,teacher_generator,0,review,
train,device_control,ㅌㄹㅂㅈㅋㅈ,탈락 방지 커져,teacher_generator,0,review,
train,emotion_needs,ㅎㄱㅁㅇㄴ,할 게 뭐 있나,teacher_generator,0,review,
train,emotion_needs,ㅎㄱㅁㅇㄴ,할 거 뭐 없나,teacher_generator,0,review,
train,emotion_needs,ㅎㄱㅁㅇㄴ,한 개만 아니,teacher_generator,0,review,
train,emotion_needs,ㅎㄱㅁㅇㄴ,한 개만 오나,teacher_generator,0,review,
train,emotion_needs,ㅎㄱㅁㅇㄴ,한 권만 읽나,teacher_generator,0,review,
train,emotion_needs,ㅎㄱㅁㅇㄴ,한 곡만 있나,teacher_generator,0,review,
train,emotion_needs,ㅎㄱㅁㅇㄴ,한 곳만 오나,teacher_generator,0,review,
train,emotion_needs,ㅎㄱㅁㅇㄴ,하고만 있나,teacher_generator,0,review,
train,emotion_needs,ㅎㄱㅁㅇㄴ,학교만 오나,teacher_generator,0,review,
train,emotion_needs,ㅎㄱㅁㅇㄴ,한국만 아나,teacher_generator,0,review,
train,emotion_needs,ㅎㄱㅁㅇㄴ,한글만 아나,teacher_generator,0,review,
train,emotion_needs,ㅎㄱㅁㅇㄴ,한계만 있나,teacher_generator,0,review,
train,emotion_needs,ㅎㄱㅁㅇㄴ,한 건 뭐 없나,teacher_generator,0,review,
train,emotion_needs,ㅎㄱㅁㅇㄴ,한 건만 있나,teacher_generator,0,review,
train,emotion_needs,ㅎㄱㅁㅇㄴ,한 글만 읽나,teacher_generator,0,review,
dev,environment,ㅎㄱㅈㅅㅋㅈ,하고 잠시 켜줘,teacher_generator,0,review,
dev,environment,ㅎㄱㅈㅅㅋㅈ,하고 즉시 켜줘,teacher_generator,0,review,
dev,environment,ㅎㄱㅈㅅㅋㅈ,하고 전시 켜줘,teacher_generator,0,review,
dev,environment,ㅎㄱㅈㅅㅋㅈ,한글 자소 켜줘,teacher_generator,0,review,
dev,environment,ㅎㄱㅈㅅㅋㅈ,한국 주소 켜줘,teacher_generator,0,review,
dev,environment,ㅎㄱㅈㅅㅋㅈ,한강 좌석 켜줘,teacher_generator,0,review,
dev,environment,ㅎㄱㅈㅅㅋㅈ,한글 자석 켜줘,teacher_generator,0,review,
dev,environment,ㅎㄱㅈㅅㅋㅈ,휴게 장소 켜줘,teacher_generator,0,review,
dev,environment,ㅎㄱㅈㅅㅋㅈ,해결 좀 시켜줘,teacher_generator,0,review,
dev,environment,ㅎㄱㅈㅅㅋㅈ,허가 좀 시켜줘,teacher_generator,0,review,
dev,environment,ㅎㄱㅈㅅㅋㅈ,회계 좀 시켜줘,teacher_generator,0,review,
dev,environment,ㅎㄱㅈㅅㅋㅈ,학교 좀 시켜줘,teacher_generator,0,review,
dev,environment,ㅎㄱㅈㅅㅋㅈ,한글 좀 시켜줘,teacher_generator,0,review,
dev,environment,ㅎㄱㅈㅅㅋㅈ,한국 좀 시켜줘,teacher_generator,0,review,
dev,environment,ㅎㄱㅈㅅㅋㅈ,한강 전시 켜줘,teacher_generator,0,review,
dev,environment,ㅎㄱㅈㅅㅋㅈ,한글 전시 켜줘,teacher_generator,0,review,
train,basic_request,ㅎㄷㅍㄱㅈㅇㅈ,핸드폰 가져와 줘,teacher_generator,0,review,
train,basic_request,ㅎㄷㅍㄱㅈㅇㅈ,해당 표 가져와 줘,teacher_generator,0,review,
train,basic_request,ㅎㄷㅍㄱㅈㅇㅈ,한두 표 가져와 줘,teacher_generator,0,review,
train,basic_request,ㅎㄷㅍㄱㅈㅇㅈ,호두 판 가져와 줘,teacher_generator,0,review,
train,basic_request,ㅎㄷㅍㄱㅈㅇㅈ,흰 도포 가져와 줘,teacher_generator,0,review,
train,basic_request,ㅎㄷㅍㄱㅈㅇㅈ,한 대포 가져와 줘,teacher_generator,0,review,
train,basic_request,ㅎㄷㅍㄱㅈㅇㅈ,후대품 가져와 줘,teacher_generator,0,review,
train,device_control,ㅎㄷㅍㅎㅁㄲㅈ,핸드폰 화면 꺼줘,teacher_generator,0,review,
train,device_control,ㅎㄷㅍㅎㅁㄲㅈ,핸드폰 화면 꺼져,teacher_generator,0,review,
train,device_control,ㅎㄷㅍㅎㅁㄲㅈ,핸드폰 화면 꺼짐,teacher_generator,0,review,
train,device_control,ㅎㄷㅍㅎㅁㄲㅈ,핸드폰 화면 끄자,teacher_generator,0,review,
train,device_control,ㅎㄷㅍㅎㅁㄲㅈ,핸드폰 화면 끄죠,teacher_generator,0,review,
train,device_control,ㅎㄷㅍㅎㅁㄲㅈ,핸드폰 화면 끄지,teacher_generator,0,review,
train,device_control,ㅎㄷㅍㅎㅁㄲㅈ,휴대폰 화면 꺼져,teacher_generator,0,review,
train,device_control,ㅎㄷㅍㅎㅁㄲㅈ,휴대폰 화면 꺼짐,teacher_generator,0,review,
train,device_control,ㅎㄷㅍㅎㅁㄲㅈ,휴대폰 화면 끄자,teacher_generator,0,review,
train,device_control,ㅎㄷㅍㅎㅁㄲㅈ,휴대폰 화면 끄죠,teacher_generator,0,review,
train,device_control,ㅎㄷㅍㅎㅁㄲㅈ,휴대폰 화면 끄지,teacher_generator,0,review,
train,device_control,ㅎㄷㅍㅎㅁㄲㅈ,핸드폰 후면 깨짐,teacher_generator,0,review,
train,device_control,ㅎㄷㅍㅎㅁㄲㅈ,휴대폰 후면 깨짐,teacher_generator,0,review,
train,device_control,ㅎㄷㅍㅎㅁㅋㅈ,핸드폰 화면 켜줘,teacher_generator,0,review,
train,device_control,ㅎㄷㅍㅎㅁㅋㅈ,핸드폰 화면 켜자,teacher_generator,0,review,
train,device_control,ㅎㄷㅍㅎㅁㅋㅈ,핸드폰 화면 켜죠,teacher_generator,0,review,
train,device_control,ㅎㄷㅍㅎㅁㅋㅈ,핸드폰 화면 켜져,teacher_generator,0,review,
train,device_control,ㅎㄷㅍㅎㅁㅋㅈ,핸드폰 화면 켜짐,teacher_generator,0,review,
train,device_control,ㅎㄷㅍㅎㅁㅋㅈ,핸드폰 화면 켜지,teacher_generator,0,review,
train,device_control,ㅎㄷㅍㅎㅁㅋㅈ,핸드폰 화면 켜진,teacher_generator,0,review,
train,device_control,ㅎㄷㅍㅎㅁㅋㅈ,휴대폰 화면 켜자,teacher_generator,0,review,
train,device_control,ㅎㄷㅍㅎㅁㅋㅈ,휴대폰 화면 켜죠,teacher_generator,0,review,
train,device_control,ㅎㄷㅍㅎㅁㅋㅈ,휴대폰 화면 켜져,teacher_generator,0,review,
train,device_control,ㅎㄷㅍㅎㅁㅋㅈ,휴대폰 화면 켜짐,teacher_generator,0,review,
train,device_control,ㅎㄷㅍㅎㅁㅋㅈ,휴대폰 화면 켜지,teacher_generator,0,review,
train,device_control,ㅎㄷㅍㅎㅁㅋㅈ,휴대폰 화면 켜진,teacher_generator,0,review,
dev,device_control,ㅎㅁㅇㄴㄱㅈ,한 명은 누구죠,teacher_generator,0,review,
dev,device_control,ㅎㅁㅇㄴㄱㅈ,한 명이 누구죠,teacher_generator,0,review,
dev,device_control,ㅎㅁㅇㄴㄱㅈ,한 명은 나가죠,teacher_generator,0,review,
dev,device_control,ㅎㅁㅇㄴㄱㅈ,한 명이 나가죠,teacher_generator,0,review,
dev,device_control,ㅎㅁㅇㄴㄱㅈ,한 명은 남겠죠,teacher_generator,0,review,
dev,device_control,ㅎㅁㅇㄴㄱㅈ,한 명이 남겠죠,teacher_generator,0,review,
dev,device_control,ㅎㅁㅇㄴㄱㅈ,한 명은 늦겠죠,teacher_generator,0,review,
dev,device_control,ㅎㅁㅇㄴㄱㅈ,한 명이 늦겠죠,teacher_generator,0,review,
dev,device_control,ㅎㅁㅇㄴㄱㅈ,하면 안 나가죠,teacher_generator,0,review,
dev,device_control,ㅎㅁㅇㄴㄱㅈ,하면 안 늦겠죠,teacher_generator,0,review,
dev,device_control,ㅎㅁㅇㄴㄱㅈ,하면 안 넘겠죠,teacher_generator,0,review,
dev,device_control,ㅎㅁㅇㄴㄱㅈ,하면 안 놓겠죠,teacher_generator,0,review,
dev,device_control,ㅎㅁㅇㄴㄱㅈ,화면은 늦겠죠,teacher_generator,0,review,
dev,device_control,ㅎㅁㅇㄴㄱㅈ,화면이 늦겠죠,teacher_generator,0,review,
dev,device_control,ㅎㅁㅇㄴㄱㅈ,화면은 나가죠,teacher_generator,0,review,
dev,device_control,ㅎㅁㅇㄴㄱㅈ,화면이 나가죠,teacher_generator,0,review,
train,basic_request,ㅎㅂㄷㅎㅈ,한 번 더 하자,teacher_generator,0,review,
train,basic_request,ㅎㅂㄷㅎㅈ,한 번 더 하죠,teacher_generator,0,review,
train,basic_request,ㅎㅂㄷㅎㅈ,한 번 더 하지,teacher_generator,0,review,
train,basic_request,ㅎㅂㄷㅎㅈ,해 본 뒤 하자,teacher_generator,0,review,
train,basic_request,ㅎㅂㄷㅎㅈ,해 본 뒤 하죠,teacher_generator,0,review,
train,basic_request,ㅎㅂㄷㅎㅈ,해 본 뒤 하지,teacher_generator,0,review,
train,basic_request,ㅎㅂㄷㅎㅈ,해 본 뒤 해줘,teacher_generator,0,review,
train,basic_request,ㅎㅂㄷㅎㅈ,홍보도 하자,teacher_generator,0,review,
train,basic_request,ㅎㅂㄷㅎㅈ,홍보도 하죠,teacher_generator,0,review,
train,basic_request,ㅎㅂㄷㅎㅈ,홍보도 하지,teacher_generator,0,review,
train,basic_request,ㅎㅂㄷㅎㅈ,홍보도 해줘,teacher_generator,0,review,
train,basic_request,ㅎㅂㄷㅎㅈ,회복도 하자,teacher_generator,0,review,
train,basic_request,ㅎㅂㄷㅎㅈ,회복도 하죠,teacher_generator,0,review,
train,basic_request,ㅎㅂㄷㅎㅈ,회복도 하지,teacher_generator,0,review,
train,basic_request,ㅎㅂㄷㅎㅈ,회복도 해줘,teacher_generator,0,review,
train,communication_control,ㅎㅂㅁㄷㅁㅎㅈ,한번만 더 말하자,teacher_generator,0,review,
train,communication_control,ㅎㅂㅁㄷㅁㅎㅈ,한번만 더 말하죠,teacher_generator,0,review,
train,communication_control,ㅎㅂㅁㄷㅁㅎㅈ,한번만 더 묻혀줘,teacher_generator,0,review,
train,communication_control,ㅎㅂㅁㄷㅁㅎㅈ,한번만 더 묻히자,teacher_generator,0,review,
train,communication_control,ㅎㅂㅁㄷㅁㅎㅈ,한번만 더 묻히죠,teacher_generator,0,review,
dev,food_drink,ㅎㅇㅁㅈ,하얀 모자,teacher_generator,0,review,
dev,food_drink,ㅎㅇㅁㅈ,할 일 많죠,teacher_generator,0,review,
dev,food_drink,ㅎㅇㅁㅈ,할 일 맞죠,teacher_generator,0,review,
dev,food_drink,ㅎㅇㅁㅈ,한약 먹자,teacher_generator,0,review,
dev,food_drink,ㅎㅇㅁㅈ,한약 먹지,teacher_generator,0,review,
dev,food_drink,ㅎㅇㅁㅈ,회의 먼저,teacher_generator,0,review,
dev,food_drink,ㅎㅇㅁㅈ,회의 뭐죠,teacher_generator,0,review,
dev,food_drink,ㅎㅇㅁㅈ,해외 문자,teacher_generator,0,review,
dev,food_drink,ㅎㅇㅁㅈ,후원 모집,teacher_generator,0,review,
dev,food_drink,ㅎㅇㅁㅈ,회원 모집,teacher_generator,0,review,
dev,food_drink,ㅎㅇㅁㅈ,학원 문제,teacher_generator,0,review,
dev,food_drink,ㅎㅇㅁㅈ,학원 맞죠,teacher_generator,0,review,
dev,food_drink,ㅎㅇㅁㅈ,휴일 맞죠,teacher_generator,0,review,
dev,food_drink,ㅎㅇㅁㅈ,회의 맞죠,teacher_generator,0,review,
dev,food_drink,ㅎㅇㅁㅈ,하위 문제,teacher_generator,0,review,
train,device_control,ㅎㅊㅂㅌㄴㄹㅈ,한참 버튼 눌러줘,teacher_generator,0,review,
train,device_control,ㅎㅊㅂㅌㄴㄹㅈ,한참 버텨 내려줘,teacher_generator,0,review,
train,device_control,ㅎㅊㅂㅌㄴㄹㅈ,한참 보태 내려줘,teacher_generator,0,review,
train,device_control,ㅎㅊㅂㅌㄴㄹㅈ,한참 볼트 내려줘,teacher_generator,0,review,
train,device_control,ㅎㅊㅂㅌㄴㄹㅈ,한참 바통 내려줘,teacher_generator,0,review,
train,device_control,ㅎㅊㅂㅌㄴㄹㅈ,한참 버틴 나를 줘,teacher_generator,0,review,
train,device_control,ㅎㅊㅂㅌㄴㄹㅈ,한참 버틴 나로 줘,teacher_generator,0,review,
train,device_control,ㅎㅊㅂㅌㄴㄹㅈ,한참 보탠 나를 줘,teacher_generator,0,review,
train,device_control,ㅎㅊㅂㅌㄴㄹㅈ,한참 비튼 나를 줘,teacher_generator,0,review,
train,device_control,ㅎㅊㅂㅌㄴㄹㅈ,한참 비틀 내릴지,teacher_generator,0,review,
train,emotion_needs,ㅇㄱㅅㅇㄱㅂㅇㅇ,여기서 이거 보여요,teacher_generator,0,review,
train,emotion_needs,ㅇㄱㅅㅇㄱㅂㅇㅇ,여기서 이거 받아요,teacher_generator,0,review,
train,emotion_needs,ㅇㄱㅅㅇㄱㅂㅇㅇ,여기서 이거 배워요,teacher_generator,0,review,
train,emotion_needs,ㅇㄱㅅㅇㄱㅂㅇㅇ,여기서 이거 벌어요,teacher_generator,0,review,
train,emotion_needs,ㅇㄱㅅㅇㄱㅂㅇㅇ,여기서 이거 비워요,teacher_generator,0,review,
train,emotion_needs,ㅇㄱㅅㅇㄱㅂㅇㅇ,여기서 이거 베어요,teacher_generator,0,review,
train,emotion_needs,ㅇㄱㅅㅇㄱㅂㅇㅇ,여기서 이거 버어요,teacher_generator,0,review,
train,emotion_needs,ㅇㄱㅅㅇㄱㅂㅇㅇ,여기서 이거 보아요,teacher_generator,0,review,
train,emotion_needs,ㅈㄱㅅㅅㅎ,지금 식사해,teacher_generator,0,review,
train,emotion_needs,ㅈㄱㅅㅅㅎ,지금 세수해,teacher_generator,0,review,
train,emotion_needs,ㅈㄱㅅㅅㅎ,지금 수술해,teacher_generator,0,review,
train,emotion_needs,ㅈㄱㅅㅅㅎ,지금 상상해,teacher_generator,0,review,
train,emotion_needs,ㅈㄱㅅㅅㅎ,지금 실시해,teacher_generator,0,review,
train,emotion_needs,ㅈㄱㅅㅅㅎ,지금 수신해,teacher_generator,0,review,
train,emotion_needs,ㅈㄱㅅㅅㅎ,지금 서술해,teacher_generator,0,review,
train,emotion_needs,ㅈㄱㅅㅅㅎ,지금 실수해,teacher_generator,0,review,
train,emotion_needs,ㅈㄱㅅㅅㅎ,지금 소송해,teacher_generator,0,review,
train,emotion_needs,ㅈㄱㅅㅅㅎ,지금 수습해,teacher_generator,0,review,
train,emotion_needs,ㅈㄱㅅㅅㅎ,조금 수상해,teacher_generator,0,review,
train,emotion_needs,ㅈㄱㅅㅅㅎ,조금 생생해,teacher_generator,0,review,
train,emotion_needs,ㅈㄱㅅㅅㅎ,조금 서성해,teacher_generator,0,review,
train,emotion_needs,ㅈㄱㅅㅅㅎ,저기 수신호,teacher_generator,0,review,
